chr1	4687944	SNP	T	C	58.4147	12
chr1	4687976	SNP	T	G	83.415	11
chr1	4688069	SNP	T	C	33.8738	12
chr1	4688985	SNP	C	A	50.0387	11
chr1	8159336	SNP	G	A	78.4149	16
chr1	9237338	SNP	G	A	47.4146	41
chr1	9237340	SNP	G	A	48.4146	41
chr1	13625036	SNP	T	C	34.2349	18
chr1	21512083	SNP	G	A	114.415	21
chr1	21512235	SNP	A	C	81.2722	25
chr1	21512274	SNP	T	A	61.0083	20
chr1	21512384	SNP	A	G	111.424	32
chr1	21512735	SNP	A	T	61.9372	14
chr1	25015602	SNP	T	A	21.3387	23
chr1	25015639	SNP	T	A	23.3594	12
chr1	25016285	SNP	A	T	57.1457	16
chr1	25016333	SNP	G	A	81.415	15
chr1	29485214	SNP	A	T	31.7399	30
chr1	45857424	SNP	T	C	75.9159	25
chr1	45857632	SNP	C	T	91.4197	29
chr1	45857772	SNP	T	G	139.256	34
chr1	52144085	SNP	G	A	65.0898	12
chr1	54397335	SNP	T	C	52.385	16
chr1	55335676	SNP	C	G	46.4189	31
chr1	55444395	SNP	G	A	63.4147	18
chr1	56782304	SNP	T	C	60.9182	39
chr1	60704465	SNP	A	G	152.416	66
chr1	60901227	SNP	A	C	46.2941	15
chr1	60901315	SNP	A	C	51.3908	69
chr1	66948836	SNP	C	T	20.4575	15
chr1	72459525	SNP	C	A	158.416	53
chr1	72459547	SNP	A	G	161.416	54
chr1	72459571	SNP	T	A	57.4147	14
chr1	72459581	SNP	T	C	50.4146	11
chr1	74263741	SNP	A	T	41.3072	43
chr1	74264350	SNP	T	A	38.2126	33
chr1	85012251	SNP	A	G	30.0612	41
chr1	85012348	SNP	A	G	124.419	56
chr1	85112398	SNP	T	C	102.415	25
chr1	85864531	SNP	A	G	87.415	43
chr1	85864534	SNP	A	G	83.415	68
chr1	85864544	SNP	A	G	142.416	126
chr1	85864545	SNP	T	C	133.343	128
chr1	85864570	SNP	T	C	191.416	254
chr1	85864585	SNP	T	C	189.421	253
chr1	86353119	SNP	A	G	44.5237	13
chr1	86353121	SNP	C	T	49.524	13
chr1	86353123	SNP	T	C	41.7486	14
chr1	86356956	SNP	C	T	56.4147	13
chr1	86909195	SNP	T	C	150.297	205
chr1	86909276	SNP	A	G	128.42	66
chr1	86909331	SNP	T	C	134.402	40
chr1	88259793	SNP	A	G	97.4152	17
chr1	88260002	SNP	A	G	79.4332	11
chr1	88260335	SNP	A	C	74.059	13
chr1	88263296	SNP	A	T	84.7789	38
chr1	88263313	SNP	T	A	44.4001	19
chr1	88263515	SNP	A	C	96.1701	77
chr1	88263589	SNP	T	C	137	81
chr1	88263598	SNP	C	T	109.854	79
chr1	88263746	SNP	C	G	91.8147	62
chr1	88263795	SNP	G	C	84.3671	111
chr1	88263914	SNP	A	G	72.2494	39
chr1	88263988	SNP	T	C	74.2153	54
chr1	88264193	SNP	C	A	115.202	87
chr1	88264205	SNP	A	G	26.4578	100
chr1	88264271	SNP	A	G	124.875	85
chr1	88264315	SNP	T	A	24.1424	25
chr1	88264316	INDEL	GATT	G	87.0553	26
chr1	88264326	SNP	G	C	95.3465	41
chr1	88264521	SNP	A	G	111.908	51
chr1	88264978	SNP	G	A	62.0523	83
chr1	88265034	SNP	G	A	111.364	80
chr1	88265122	SNP	G	A	109.836	53
chr1	88265258	SNP	A	G	93.5295	54
chr1	88265309	SNP	C	G	88.9471	60
chr1	88265472	SNP	C	T	112.387	86
chr1	88265570	SNP	T	A	133.107	78
chr1	88265846	SNP	A	C	90.3918	87
chr1	88265980	SNP	T	G	90.4416	89
chr1	88266195	SNP	G	A	63.059	54
chr1	88266525	INDEL	T	TT	70.3669	45
chr1	88269331	SNP	T	C	95.4043	72
chr1	88270269	SNP	A	G	104.403	62
chr1	88270274	SNP	C	T	105.05	57
chr1	88271531	SNP	G	C	48.3604	13
chr1	88271545	SNP	G	A	40.6116	15
chr1	88271547	SNP	G	A	28.3609	15
chr1	88271663	SNP	C	A	85.6287	18
chr1	88271672	SNP	C	A	96.0754	20
chr1	88271681	SNP	T	C	76.5793	20
chr1	88271725	SNP	C	T	98.0882	17
chr1	88271726	SNP	C	T	96.08	17
chr1	88271740	SNP	G	A	81.5235	17
chr1	88271742	SNP	T	C	59.0347	17
chr1	88271761	SNP	T	C	46.2631	12
chr1	88271762	SNP	T	G	46.2631	12
chr1	88271763	SNP	C	T	43.3198	12
chr1	88271865	SNP	C	T	52.7298	18
chr1	88271882	SNP	G	A	99.0814	18
chr1	88271934	SNP	C	T	86.0056	15
chr1	88271948	SNP	G	C	85.0348	11
chr1	88272048	SNP	C	T	36.0703	12
chr1	88272096	SNP	C	T	71.0464	22
chr1	88272101	SNP	C	T	75.9441	22
chr1	88272675	SNP	T	C	28.9834	12
chr1	88272730	SNP	A	G	90.1672	51
chr1	88272802	SNP	A	C	80.6244	16
chr1	88272805	SNP	G	A	83.2791	18
chr1	88272823	SNP	T	A	100.133	24
chr1	88272883	SNP	C	A	151.131	45
chr1	88272931	SNP	A	C	75.9756	30
chr1	88272948	SNP	G	A	79.8374	22
chr1	88272996	SNP	C	A	35.0806	11
chr1	88273161	SNP	C	T	36.2727	12
chr1	88273352	SNP	G	T	31.1613	12
chr1	88273357	SNP	A	G	66.0445	18
chr1	88273397	SNP	A	G	112.415	16
chr1	88273414	SNP	T	G	116.415	13
chr1	88273867	SNP	G	T	45.3298	18
chr1	88273936	SNP	A	G	70.635	17
chr1	88274239	SNP	G	A	105.928	17
chr1	88274261	INDEL	A	AG	74.4409	22
chr1	88274287	SNP	A	T	110.252	39
chr1	88274432	SNP	G	A	64.9422	22
chr1	88274446	SNP	C	T	76.9683	25
chr1	88274489	SNP	T	C	60.2788	18
chr1	88274634	SNP	T	C	117.239	26
chr1	88274657	SNP	A	C	102.415	19
chr1	88274747	SNP	G	A	61.9932	19
chr1	88274819	SNP	C	G	71.4189	15
chr1	88274858	SNP	G	T	42.9282	12
chr1	88274942	SNP	A	G	45.974	11
chr1	88275430	SNP	G	T	61.0224	12
chr1	88275921	SNP	A	G	80.419	12
chr1	88276864	SNP	G	A	58.8257	15
chr1	88277238	SNP	T	C	122.923	74
chr1	88277413	SNP	A	T	96.8139	36
chr1	88277422	SNP	C	A	101.582	41
chr1	88277442	SNP	T	A	93.1969	34
chr1	88277475	SNP	A	G	105.911	44
chr1	88277507	SNP	A	G	100.033	33
chr1	88277525	SNP	A	G	59.0172	20
chr1	95498813	SNP	A	G	132.302	238
chr1	95499101	SNP	A	C	162.131	221
chr1	97948943	SNP	A	C	120.001	94
chr1	97949060	SNP	G	A	79.4243	28
chr1	97949117	SNP	C	T	22.0166	33
chr1	97949378	SNP	C	T	145.363	87
chr1	100180123	SNP	A	G	43.4184	12
chr1	100180126	SNP	T	C	50.419	13
chr1	100180153	SNP	T	C	66.4192	25
chr1	100180176	SNP	T	G	101.852	30
chr1	100180204	SNP	A	G	149.234	33
chr1	100180223	SNP	A	G	106.42	20
chr1	100180231	SNP	G	A	60.4147	16
chr1	100180247	SNP	C	A	32.6649	13
chr1	102628165	SNP	A	G	56.4147	34
chr1	102628169	SNP	T	C	54.4193	46
chr1	102628174	SNP	T	C	119.305	253
chr1	102628183	SNP	A	G	136.416	260
chr1	102628203	SNP	C	T	116.425	270
chr1	102628205	SNP	T	C	131.432	271
chr1	102628264	SNP	G	C	228.422	252
chr1	102628292	SNP	A	G	228.398	235
chr1	102628328	SNP	T	C	57.4188	21
chr1	105456525	SNP	C	T	112.415	14
chr1	105456646	SNP	G	A	97.4152	12
chr1	118299610	SNP	T	C	67.3003	36
chr1	122357136	SNP	A	C	52.2276	26
chr1	122357160	SNP	A	G	116.42	244
chr1	122357165	SNP	C	G	123.408	249
chr1	122357239	SNP	A	G	152.42	31
chr1	122357244	SNP	T	C	110.42	22
chr1	128520193	SNP	A	G	30.4261	22
chr1	128520208	SNP	A	G	57.4192	17
chr1	128520212	SNP	C	T	35.9357	17
chr1	128520643	SNP	T	C	37.4194	18
chr1	128521167	SNP	C	T	50.0316	19
chr1	128521177	SNP	A	G	49.4146	20
chr1	128521255	SNP	T	C	41.4191	42
chr1	128521299	SNP	A	G	90.4238	45
chr1	128521312	SNP	T	C	80.2631	48
chr1	128521343	SNP	T	C	117.42	34
chr1	128521358	SNP	T	C	94.1645	40
chr1	131275463	SNP	T	C	34.4159	13
chr1	131573866	SNP	T	C	61.4147	11
chr1	131573892	SNP	A	G	80.4149	23
chr1	131573897	SNP	T	C	82.415	27
chr1	131573925	SNP	A	G	70.4195	66
chr1	131573966	SNP	T	C	50.4236	38
chr1	131573996	SNP	A	G	183.421	104
chr1	133026308	SNP	C	T	53.4236	17
chr1	133137544	SNP	A	G	47.8644	97
chr1	133138010	SNP	A	G	47.2701	29
chr1	135232160	SNP	T	C	96.4194	18
chr1	135232849	SNP	A	G	133.416	18
chr1	138080133	SNP	A	G	41.858	25
chr1	138088666	SNP	C	T	44.4223	12
chr1	138092198	SNP	C	T	50.0345	19
chr1	138094241	SNP	C	A	37.9707	14
chr1	143093486	SNP	A	C	49.3244	11
chr1	143093534	SNP	A	T	73.2306	46
chr1	143093545	SNP	A	T	91.1942	47
chr1	143093585	SNP	A	G	133.169	85
chr1	143093708	SNP	A	C	145.257	117
chr1	143093711	SNP	A	T	157.395	114
chr1	143093752	SNP	C	T	59.4189	19
chr1	143093763	SNP	A	G	63.4184	16
chr1	143093771	SNP	A	G	67.1418	14
chr1	143093772	SNP	A	C	33.716	14
chr1	143093806	SNP	T	C	69.4148	13
chr1	143093887	SNP	A	C	71.4194	14
chr1	143094009	SNP	A	G	71.4148	21
chr1	143094012	SNP	C	G	66.4191	23
chr1	143094068	SNP	G	A	96.4242	38
chr1	143094085	SNP	A	G	118.415	22
chr1	143094088	SNP	C	T	105.42	25
chr1	143094094	SNP	A	G	123.42	24
chr1	143094168	SNP	T	C	140.379	120
chr1	143094233	SNP	G	C	162.21	84
chr1	143094286	SNP	A	G	122.42	134
chr1	143094297	SNP	A	G	122.426	136
chr1	143094448	SNP	A	G	103.244	30
chr1	143094457	SNP	T	C	95.2009	22
chr1	143094490	SNP	A	G	60.4189	14
chr1	143094563	SNP	T	C	65.4148	11
chr1	144312265	SNP	G	T	55.419	17
chr1	144312290	SNP	A	G	111.415	38
chr1	144312371	SNP	T	C	111.424	55
chr1	144312387	SNP	T	G	46.1271	28
chr1	150265685	SNP	G	A	50.218	12
chr1	150265802	SNP	G	A	120.278	35
chr1	150266028	SNP	T	G	31.7614	31
chr1	156366194	SNP	T	C	80.3496	233
chr1	156524347	SNP	C	T	69.4188	14
chr1	162672183	SNP	C	A	26.8332	14
chr1	166431632	SNP	C	T	63.4147	14
chr1	167340240	SNP	G	C	28.4244	12
chr1	167340265	SNP	A	G	37.3165	14
chr1	167340269	SNP	A	G	45.3192	14
chr1	170925528	SNP	T	A	43.3263	16
chr1	171279113	INDEL	G	GG	58.8462	25
chr1	171698176	SNP	A	G	21.3817	14
chr1	171701954	SNP	A	G	72.3311	44
chr1	171703422	SNP	A	G	36.1976	24
chr1	181242165	SNP	T	C	54.3461	204
chr1	183276669	SNP	A	G	137.416	37
chr1	183276790	SNP	A	G	79.4196	68
chr1	183326982	SNP	C	A	183.416	69
chr1	192074291	SNP	A	G	62.4147	15
chr1	192074294	SNP	A	G	63.4147	17
chr1	195112369	SNP	C	A	53.8334	30
chr1	195112370	SNP	T	A	60.9004	30
chr1	195112372	SNP	A	T	49.8323	32
chr2	4700351	SNP	A	G	79.4149	11
chr2	4700533	SNP	G	A	55.4186	11
chr2	4959512	SNP	A	G	69.3077	54
chr2	4959590	SNP	T	C	130.425	43
chr2	5379133	SNP	T	C	86.1085	79
chr2	5379220	SNP	G	A	72.4195	28
chr2	5379230	SNP	T	A	74.151	211
chr2	5379245	SNP	A	C	100.291	228
chr2	5379332	SNP	A	T	221.395	216
chr2	5379370	SNP	T	G	222.417	120
chr2	5603767	SNP	G	A	34.2893	14
chr2	18897464	SNP	G	A	20.2878	11
chr2	22588744	SNP	A	G	33.3031	18
chr2	22588757	SNP	C	T	62.4186	14
chr2	22588949	SNP	G	A	89.4151	15
chr2	22588952	SNP	T	C	45.7365	21
chr2	22589045	SNP	T	C	30.2456	12
chr2	22744753	SNP	T	C	75.4149	19
chr2	22744767	SNP	T	C	76.4149	19
chr2	22744780	SNP	T	A	56.419	17
chr2	22744797	SNP	A	G	43.4147	32
chr2	22744813	SNP	A	G	123.415	249
chr2	22744814	SNP	A	C	120.392	250
chr2	22744824	SNP	A	G	126.407	259
chr2	22744834	SNP	G	C	124.395	267
chr2	22744848	SNP	A	C	123.377	280
chr2	22744915	SNP	A	C	205.398	248
chr2	22744926	SNP	C	G	211.392	240
chr2	22744927	SNP	G	T	209.414	240
chr2	22744931	SNP	C	G	203.421	245
chr2	22744976	SNP	C	T	40.2066	62
chr2	22744977	SNP	G	C	55.4193	62
chr2	22744991	SNP	T	C	51.3563	55
chr2	22744994	SNP	A	C	46.2609	41
chr2	22744995	SNP	A	G	46.4191	40
chr2	22744997	SNP	A	G	47.4191	40
chr2	22745088	SNP	A	G	106.415	20
chr2	22745102	SNP	C	G	106.415	20
chr2	22745106	SNP	G	A	106.415	20
chr2	23012700	SNP	G	C	51.2214	28
chr2	23012701	SNP	G	A	51.2214	28
chr2	23012834	SNP	A	G	45.2919	33
chr2	23012839	SNP	T	C	22.8605	29
chr2	23012853	SNP	C	T	55.4146	12
chr2	23235329	SNP	T	G	77.4149	12
chr2	23235352	SNP	A	G	103.415	14
chr2	23235455	SNP	T	C	43.1066	13
chr2	23508957	SNP	T	G	42.6549	34
chr2	30237780	INDEL	C	CC	21.412	41
chr2	31026924	SNP	T	C	48.9882	202
chr2	31030932	SNP	T	C	85.3821	42
chr2	31030942	SNP	T	C	31.8575	36
chr2	31030943	SNP	T	C	96.0162	36
chr2	31030966	SNP	T	C	69.3578	34
chr2	31031049	SNP	T	C	54.9894	69
chr2	31031060	SNP	T	C	101.296	64
chr2	36808150	SNP	A	C	40.716	34
chr2	36808153	SNP	T	G	29.6302	33
chr2	36808302	SNP	A	G	132.424	119
chr2	40555705	SNP	G	C	67.2502	97
chr2	40555782	SNP	A	G	65.4189	30
chr2	40555804	SNP	G	C	109.164	88
chr2	40555898	SNP	G	T	127.976	183
chr2	40555966	SNP	T	C	131.183	198
chr2	40556117	SNP	C	G	101.587	137
chr2	40556419	SNP	G	T	141.95	181
chr2	40556461	SNP	T	C	141.42	100
chr2	40556534	SNP	A	G	81.418	43
chr2	40556545	SNP	A	G	96.4245	39
chr2	40556608	SNP	T	G	24.4238	73
chr2	40556664	SNP	C	A	45.0514	13
chr2	40556673	SNP	T	C	37.4195	12
chr2	40556797	SNP	T	C	44.4186	14
chr2	40556903	SNP	A	G	90.3722	70
chr2	40556981	SNP	T	C	145.425	183
chr2	40556996	SNP	T	C	158.425	212
chr2	49308519	SNP	G	A	85.415	19
chr2	49308531	SNP	T	C	100.415	22
chr2	49308642	SNP	A	G	73.4195	14
chr2	50911405	SNP	A	G	58.4147	13
chr2	51871130	SNP	T	C	24.3026	18
chr2	59504903	SNP	G	A	22.3351	246
chr2	64474778	SNP	A	G	53.3357	16
chr2	73867891	SNP	T	C	54.4146	18
chr2	73867931	SNP	C	A	78.197	234
chr2	73868002	SNP	C	T	112.415	32
chr2	80282684	SNP	A	G	29.2153	11
chr2	80838196	SNP	G	A	123.385	30
chr2	81992350	SNP	A	G	116.42	48
chr2	81992371	SNP	A	G	85.3742	30
chr2	83353208	SNP	A	G	23.8949	47
chr2	83353259	SNP	A	C	27.3163	62
chr2	83353304	SNP	A	G	64.4147	22
chr2	83353378	SNP	T	C	47.419	68
chr2	83353425	SNP	G	A	93.0698	57
chr2	83353557	SNP	C	T	54.4189	50
chr2	83353592	SNP	G	T	84.788	113
chr2	83353729	SNP	A	C	31.247	168
chr2	83353825	SNP	G	A	28.9597	38
chr2	86022058	SNP	A	G	89.9754	17
chr2	86022149	SNP	A	G	50.4192	43
chr2	90395187	SNP	C	G	115.42	180
chr2	90395188	SNP	T	C	118.413	180
chr2	91015870	SNP	A	G	62.9741	119
chr2	97949357	SNP	A	G	34.4414	12
chr2	97949416	SNP	T	C	107.424	30
chr2	97949479	SNP	T	G	113.415	27
chr2	98662630	SNP	G	C	33.0098	11
chr2	98667010	SNP	G	A	49.4182	19
chr2	98667077	SNP	T	G	49.064	33
chr2	98667259	SNP	A	G	55.6232	25
chr2	102829366	SNP	G	C	52.4191	25
chr2	102829399	SNP	A	G	98.4246	247
chr2	118725095	SNP	C	A	23.4187	20
chr2	120620641	SNP	A	G	58.3683	28
chr2	121492422	SNP	T	C	28.3208	15
chr2	121493245	SNP	T	C	36.0512	38
chr2	121543274	SNP	A	G	35.2705	11
chr2	126892916	SNP	T	C	40.1247	13
chr2	127139208	SNP	G	T	91.4151	18
chr2	131322139	SNP	T	C	63.4225	18
chr2	131322189	SNP	T	C	112.42	38
chr2	132309633	SNP	A	G	111.325	63
chr2	132309655	SNP	A	G	94.3881	52
chr2	132309669	SNP	A	G	63.2568	42
chr2	132309880	SNP	A	G	111.247	74
chr2	140073080	SNP	A	G	98.3847	38
chr2	140073396	SNP	A	G	21.0962	11
chr2	144540438	SNP	A	G	53.3994	27
chr2	150904564	INDEL	C	CC	116.228	28
chr2	152185534	SNP	G	A	142.388	168
chr2	152185675	SNP	T	C	27.4255	15
chr2	152185676	SNP	C	G	42.4147	15
chr2	152354551	SNP	G	C	78.4008	124
chr2	153826233	SNP	T	C	37.4189	12
chr2	153826515	SNP	A	G	63.1128	32
chr2	156167536	SNP	A	C	71.929	15
chr2	157109416	SNP	C	T	21.8123	16
chr2	157901656	SNP	G	T	37.4152	12
chr2	177254081	SNP	G	C	47.0196	33
chr2	180257983	SNP	C	G	32.2404	24
chr3	3792318	SNP	C	G	33.4204	36
chr3	5860326	SNP	G	T	140.414	253
chr3	5860327	SNP	A	T	139.416	253
chr3	5860329	SNP	T	A	138.416	253
chr3	5860330	SNP	C	A	138.416	253
chr3	5860332	SNP	T	C	139.416	253
chr3	5860336	SNP	A	G	137.42	253
chr3	5860337	SNP	T	C	138.416	253
chr3	5860338	SNP	T	A	139.416	253
chr3	5860579	SNP	A	G	103.428	246
chr3	5860672	SNP	T	C	132.42	239
chr3	5860784	SNP	A	C	145.416	55
chr3	5860813	SNP	C	T	96.2486	104
chr3	16216089	SNP	A	G	20.4107	85
chr3	38107587	SNP	G	A	41.4238	14
chr3	47483387	SNP	G	A	32.8756	30
chr3	47483411	SNP	G	A	53.18	18
chr3	47483421	SNP	G	A	46.221	11
chr3	47484323	SNP	T	C	161.416	53
chr3	53692603	SNP	G	A	138.416	29
chr3	53692614	SNP	G	A	96.4234	15
chr3	53692617	SNP	T	C	117.42	15
chr3	53692663	SNP	C	T	90.4151	32
chr3	53692664	SNP	A	G	85.4195	32
chr3	53692873	SNP	T	C	53.2557	14
chr3	57717852	SNP	A	G	32.8536	18
chr3	57717875	SNP	A	G	58.0753	25
chr3	57717929	SNP	A	G	109.349	109
chr3	57717960	SNP	T	A	128.254	83
chr3	57718022	SNP	C	G	136.42	34
chr3	57718034	SNP	A	T	112.217	30
chr3	57718078	SNP	G	C	54.9474	14
chr3	57718173	SNP	G	A	95.4151	16
chr3	57718230	SNP	A	C	92.4151	18
chr3	57718246	SNP	A	G	89.4151	16
chr3	59431839	SNP	A	G	72.4227	22
chr3	59431872	SNP	C	T	75.4149	13
chr3	59431881	SNP	T	A	75.4149	13
chr3	59431884	SNP	T	C	57.4187	13
chr3	59431947	SNP	C	T	64.4227	12
chr3	59431958	SNP	G	T	42.151	11
chr3	59432046	SNP	C	T	98.4193	17
chr3	59432273	SNP	T	C	51.4146	14
chr3	59432285	SNP	A	G	51.4183	19
chr3	59432364	SNP	T	G	37.5193	11
chr3	59433061	SNP	A	G	74.4149	14
chr3	62159049	SNP	T	C	55.4146	38
chr3	62159059	SNP	C	T	58.4194	84
chr3	62159071	SNP	T	C	131.425	254
chr3	62159098	SNP	T	C	122.385	256
chr3	62159141	SNP	A	G	148.397	110
chr3	62159150	SNP	T	C	177.421	145
chr3	62159158	SNP	T	G	217.354	216
chr3	62159159	SNP	G	T	207.325	216
chr3	62159204	SNP	A	G	189.344	161
chr3	62159232	SNP	A	G	168.416	53
chr3	62159233	SNP	A	G	158.416	53
chr3	62159236	SNP	T	C	177.421	53
chr3	62159250	SNP	C	G	173.345	39
chr3	62159264	SNP	A	G	141.42	28
chr3	62159269	SNP	T	C	105.415	38
chr3	62159272	SNP	A	G	84.4196	34
chr3	62159273	SNP	T	C	85.415	34
chr3	62159282	SNP	A	G	57.4147	72
chr3	62159286	SNP	T	C	58.4147	79
chr3	62159293	SNP	T	C	59.4194	82
chr3	62159295	SNP	A	C	59.4194	82
chr3	62159298	SNP	T	C	112.415	109
chr3	62159310	SNP	T	G	87.3681	121
chr3	62159338	SNP	A	C	130.339	73
chr3	62159340	SNP	A	C	139.416	73
chr3	62159353	SNP	C	T	110.21	28
chr3	62159356	SNP	C	T	113.415	26
chr3	86672203	SNP	A	G	50.4232	121
chr3	87921451	SNP	A	G	37.6324	87
chr3	87923208	SNP	A	T	32.2413	16
chr3	87940164	SNP	A	G	27.8811	60
chr3	88352191	SNP	A	G	39.2672	24
chr3	88576671	SNP	G	T	40.9159	20
chr3	88576708	SNP	T	C	96.3428	14
chr3	88576806	SNP	A	G	88.415	12
chr3	89448965	SNP	G	A	25.9705	25
chr3	89448968	SNP	G	A	25.0611	23
chr3	89448971	SNP	G	A	24.2777	20
chr3	89448974	SNP	G	A	34.391	22
chr3	90126899	SNP	A	G	108.302	114
chr3	90127022	SNP	A	G	159.416	29
chr3	90127069	SNP	C	T	80.2543	27
chr3	90488839	INDEL	CAAAAAAAAAAA	CAAAAAAAAAA	86.1403	64
chr3	93278212	SNP	C	T	21.4455	120
chr3	95059570	SNP	G	T	22.2898	21
chr3	95059572	SNP	G	T	25.2949	20
chr3	95622376	SNP	C	G	28.4312	28
chr3	95622510	SNP	G	A	73.0228	18
chr3	95622513	SNP	C	T	54.3132	17
chr3	95622562	SNP	C	T	41.4191	35
chr3	95622695	SNP	A	G	161.398	126
chr3	95622715	SNP	G	A	177.409	185
chr3	96371903	SNP	C	T	42.7364	11
chr3	96632713	SNP	A	G	82.2543	17
chr3	103066090	SNP	A	G	101.379	112
chr3	106499203	SNP	A	C	31.4072	12
chr3	116528346	SNP	C	A	36.4154	28
chr3	116528466	SNP	C	A	34.4159	19
chr3	116744681	SNP	T	C	57.2118	17
chr3	121249888	SNP	T	C	62.1316	98
chr3	126447920	SNP	T	G	25.7866	14
chr3	126447995	SNP	T	C	102.175	29
chr3	129462693	SNP	C	A	68.3351	25
chr3	138926012	SNP	C	A	152.416	144
chr3	146839262	SNP	T	C	22.1637	31
chr3	150072685	SNP	T	C	55.097	42
chr3	150073324	SNP	A	G	94.4207	133
chr3	150073333	SNP	G	A	56.4147	117
chr3	157888592	SNP	A	G	71.4189	11
chr3	157888796	SNP	A	G	35.4194	13
chr4	10849071	SNP	T	C	42.4194	64
chr4	10946654	SNP	G	T	128.245	31
chr4	13482803	SNP	T	C	29.9181	16
chr4	21834782	SNP	A	G	28.3957	16
chr4	21834791	SNP	A	G	21.3697	15
chr4	32964818	SNP	G	A	25.2322	15
chr4	32964897	SNP	A	G	93.1974	78
chr4	32964944	SNP	T	C	71.8412	165
chr4	32965253	SNP	C	T	64.4147	19
chr4	45550352	SNP	C	T	39.4237	45
chr4	52821490	SNP	A	G	68.4189	14
chr4	52821561	SNP	T	C	92.4189	21
chr4	53791274	SNP	C	A	37.4196	11
chr4	71371084	SNP	T	C	40.9313	18
chr4	72852021	SNP	T	C	23.4377	11
chr4	72852027	SNP	T	C	52.4146	13
chr4	72852036	SNP	A	T	69.4148	13
chr4	91805814	SNP	C	G	101.415	12
chr4	97521660	SNP	G	T	67.4148	13
chr4	97521949	SNP	T	C	71.4148	17
chr4	108230936	SNP	T	C	72.3474	39
chr4	109374836	SNP	G	T	33.0535	14
chr4	109374926	SNP	A	C	45.3306	14
chr4	116539390	SNP	A	G	39.1554	12
chr4	116552908	SNP	T	C	28.0311	23
chr4	119335318	SNP	C	T	54.4186	15
chr4	126070029	SNP	T	C	45.0171	12
chr4	126070119	SNP	C	G	65.0117	26
chr4	128752175	SNP	A	G	67.4329	70
chr4	129309891	SNP	T	C	79.3195	244
chr4	129309920	SNP	T	C	114.339	121
chr4	129309984	SNP	T	C	105.287	203
chr4	129309986	SNP	T	C	65.216	202
chr4	129309987	SNP	T	C	57.1881	206
chr4	129592266	SNP	C	G	64.4189	12
chr4	129596872	SNP	A	C	41.0822	20
chr4	129715375	SNP	T	C	79.2658	107
chr4	129899064	SNP	C	T	87.415	23
chr4	129899202	SNP	C	G	135.42	31
chr4	129899308	SNP	T	C	112.185	25
chr4	129899317	SNP	A	G	120.415	22
chr4	129899625	SNP	T	A	123.415	18
chr4	130928634	SNP	T	A	52.2709	32
chr4	132220288	SNP	G	A	74.2294	76
chr4	132220303	SNP	C	T	52.7409	62
chr4	132220314	SNP	C	T	103.131	55
chr4	132220403	SNP	C	T	74.4191	53
chr4	133662209	SNP	T	C	36.8328	42
chr4	136339662	SNP	A	C	27.3245	28
chr4	139338193	SNP	T	C	55.347	56
chr4	139338194	SNP	C	A	56.4147	56
chr4	139338203	SNP	T	G	56.4147	55
chr4	139338208	SNP	A	G	56.4147	54
chr4	139338211	SNP	G	A	54.3376	50
chr4	140950979	SNP	A	G	30.6219	54
chr4	140951518	SNP	A	G	20.7669	31
chr4	140951582	SNP	A	G	100.884	61
chr4	140951612	SNP	A	G	105.109	76
chr4	143242222	SNP	A	G	46.4235	11
chr4	143242262	SNP	T	G	90.3288	13
chr4	143242361	SNP	T	A	97.6236	54
chr4	143242386	SNP	A	G	78.4192	28
chr4	143242414	SNP	G	C	30.317	15
chr4	143242516	SNP	C	T	37.522	15
chr4	143242553	SNP	T	A	113.415	21
chr4	143242597	SNP	G	A	33.977	13
chr4	143242801	SNP	C	G	51.1826	16
chr4	143242864	SNP	G	A	108.174	75
chr4	143242966	SNP	G	A	133.186	26
chr4	143242972	SNP	C	T	115.424	23
chr4	143243008	SNP	A	G	64.149	17
chr4	143389853	SNP	A	G	83.4192	16
chr4	143389859	SNP	G	A	79.4191	18
chr4	144085494	SNP	C	T	41.4186	11
chr4	144085535	SNP	T	C	74.4149	13
chr4	145449494	SNP	G	A	68.4148	12
chr4	145449567	SNP	T	G	47.4146	19
chr4	145449575	SNP	C	T	65.4148	21
chr4	145449586	SNP	T	A	103.415	30
chr4	145449598	SNP	C	T	86.2583	31
chr4	145449630	SNP	T	G	93.3671	31
chr4	145449654	SNP	T	C	54.4146	24
chr4	145449664	SNP	A	T	69.4148	21
chr4	146891803	SNP	C	T	40.4239	11
chr4	147755805	SNP	T	A	60.3528	83
chr4	147782874	SNP	A	G	41.8186	17
chr4	147783213	SNP	T	C	55.8946	14
chr4	147807132	SNP	G	A	36.0799	65
chr4	147807166	SNP	T	G	35.6395	79
chr4	147809542	SNP	C	T	46.4146	11
chr4	149118197	SNP	A	G	49.4013	28
chr4	149118210	SNP	A	G	22.1021	24
chr4	149143139	SNP	T	A	68.4193	17
chr4	150847143	SNP	T	C	60.4188	12
chr4	150847183	SNP	T	C	29.0065	18
chr4	150847264	SNP	C	T	37.4196	12
chr4	150847265	SNP	T	G	42.4147	12
chr4	150847509	SNP	T	C	63.4194	35
chr4	155621897	SNP	A	G	63.394	22
chr4	155621903	SNP	A	G	73.3685	24
chr4	155621904	SNP	A	G	61.4036	24
chr4	155621916	SNP	A	G	44.2756	28
chr4	156213507	SNP	A	G	42.8186	13
chr5	3236607	SNP	T	C	67.9263	98
chr5	3236718	SNP	C	T	125.384	123
chr5	3236876	SNP	C	T	66.138	43
chr5	3236878	SNP	A	G	73.3945	41
chr5	3875602	SNP	G	A	56.3124	42
chr5	3875670	SNP	A	T	51.0005	21
chr5	3875754	SNP	G	A	127.42	75
chr5	3875886	SNP	C	T	79.4186	42
chr5	3875939	SNP	T	G	44.7827	42
chr5	3876002	SNP	G	A	59.423	63
chr5	3876129	SNP	A	T	88.0499	33
chr5	4064639	SNP	G	C	147.416	24
chr5	5783007	SNP	A	G	143.42	39
chr5	5783142	SNP	A	G	144.281	96
chr5	5783442	SNP	T	C	92.1816	29
chr5	5783565	SNP	C	T	94.0862	40
chr5	5783601	SNP	G	A	57.4147	16
chr5	5783608	SNP	C	A	47.4146	13
chr5	7493343	SNP	T	G	105.211	95
chr5	7493348	SNP	A	G	59.134	85
chr5	9260982	SNP	G	C	23.0138	13
chr5	17776742	SNP	C	T	57.4147	11
chr5	17776779	SNP	A	C	71.4148	16
chr5	21598779	SNP	G	T	35.4193	16
chr5	21599214	SNP	A	G	54.4146	19
chr5	21614400	SNP	C	T	69.4148	15
chr5	21614405	SNP	C	T	69.4148	15
chr5	22528552	SNP	C	T	117.424	40
chr5	22725158	SNP	A	G	81.415	20
chr5	22725372	SNP	G	C	76.419	12
chr5	22726057	SNP	G	C	46.4191	11
chr5	32485878	SNP	A	C	45.1242	22
chr5	33759431	SNP	T	C	31.8792	12
chr5	33759468	SNP	A	G	35.8876	16
chr5	34175949	SNP	C	T	40.389	42
chr5	41342353	SNP	A	G	82.1729	35
chr5	41342505	SNP	G	T	43.4147	12
chr5	54452532	SNP	T	G	35.0007	14
chr5	55625215	SNP	T	A	71.3074	11
chr5	62748987	SNP	C	A	77.4149	37
chr5	66890662	SNP	G	C	48.4146	14
chr5	66890724	SNP	G	A	122.415	29
chr5	82337064	SNP	C	A	26.2731	14
chr5	82337312	SNP	A	G	81.081	64
chr5	82337372	SNP	C	A	71.7321	25
chr5	82337398	SNP	A	G	63.3833	35
chr5	82337596	SNP	G	A	24.889	17
chr5	86997261	SNP	C	G	60.3742	32
chr5	86997265	SNP	T	A	62.4188	33
chr5	86997267	SNP	T	C	68.4148	33
chr5	86997335	SNP	G	C	79.9757	41
chr5	86997358	SNP	A	G	29.2871	12
chr5	86997363	SNP	T	C	58.4181	16
chr5	86997489	SNP	C	T	82.4235	30
chr5	86997490	SNP	T	G	79.9485	30
chr5	86998065	SNP	T	C	23.1094	35
chr5	89689514	SNP	A	G	69.4188	11
chr5	90132410	SNP	C	T	142.42	27
chr5	90132924	SNP	G	A	34.2798	11
chr5	90132985	SNP	G	A	45.4146	15
chr5	92140411	SNP	T	C	30.3712	17
chr5	97069206	SNP	A	G	37.3689	15
chr5	98475638	SNP	T	C	47.4237	48
chr5	100513309	SNP	C	G	37.4196	17
chr5	105797319	SNP	A	G	45.4146	32
chr5	105797556	SNP	T	A	53.9563	110
chr5	105797564	SNP	G	A	107.414	114
chr5	105797632	SNP	A	T	88.7578	126
chr5	105797683	SNP	A	G	69.2892	89
chr5	110078393	SNP	G	A	25.0978	12
chr5	110078403	SNP	G	T	36.9405	12
chr5	110078417	SNP	C	T	39.9147	13
chr5	113767274	SNP	A	G	41.777	24
chr5	113767327	SNP	T	C	51.0754	54
chr5	113767376	SNP	A	G	45.4233	46
chr5	114851790	SNP	T	C	37.4192	11
chr5	114851804	SNP	C	T	66.4148	19
chr5	114851807	SNP	T	G	66.4148	19
chr5	114851828	SNP	G	T	49.041	25
chr5	114851993	SNP	A	G	69.4148	21
chr5	114852008	SNP	T	G	53.4146	17
chr5	115103273	SNP	T	C	99.1492	243
chr5	123066439	SNP	A	G	50.0104	14
chr5	123157598	SNP	A	G	46.983	42
chr5	123255658	SNP	T	C	20.4147	86
chr5	124723589	INDEL	GAAA	GAA	141.966	60
chr5	127955148	SNP	C	T	99.4236	56
chr5	129794640	SNP	A	G	173.416	64
chr5	129844965	SNP	T	C	51.3067	93
chr5	129844967	SNP	T	A	52.311	93
chr5	129982883	INDEL	TGGG	TGG	111.365	16
chr5	130188493	SNP	G	A	49.4146	11
chr5	135626908	SNP	A	T	52.2532	27
chr5	135909342	SNP	T	C	64.358	55
chr5	137720865	SNP	G	A	77.0438	15
chr5	137720954	SNP	T	C	53.9323	19
chr5	137721577	SNP	T	C	57.4147	11
chr5	137721621	SNP	T	A	44.2814	12
chr5	142906647	SNP	C	G	20.9268	25
chr5	142906648	SNP	T	C	21.4151	25
chr5	142906649	SNP	T	G	24.7216	26
chr5	145122531	SNP	G	C	67.0791	11
chr5	146261004	SNP	G	C	117.416	223
chr5	146261076	SNP	T	C	114.415	209
chr5	146261080	SNP	C	A	115.381	213
chr5	146261106	SNP	C	G	127.362	204
chr5	146261113	SNP	T	C	117.42	190
chr5	146261122	SNP	A	G	112.412	186
chr5	146261231	INDEL	AAGAGAG	AAGAGAGAG	116.225	212
chr5	146261271	SNP	T	G	221.411	207
chr5	146261326	SNP	A	G	193.421	189
chr5	146261356	SNP	A	T	178.416	107
chr5	146261360	SNP	T	C	187.421	103
chr5	148183484	SNP	C	A	31.2331	12
chr5	148183653	SNP	T	C	28.4283	11
chr5	148183658	SNP	A	G	42.4187	11
chr5	150640816	SNP	T	C	28.2375	19
chr5	150641091	SNP	T	C	21.3138	18
chr6	3200850	SNP	T	C	24.3528	34
chr6	3201299	SNP	T	C	40.1677	26
chr6	3201327	SNP	T	C	46.4239	75
chr6	3201427	SNP	T	C	106.42	242
chr6	3201546	SNP	T	C	176.426	217
chr6	3201552	SNP	A	G	158.357	178
chr6	3201573	SNP	A	C	149.001	128
chr6	3201612	SNP	A	G	134.368	230
chr6	3201614	SNP	C	G	114.398	230
chr6	4893451	SNP	A	C	94.1618	16
chr6	4893469	SNP	A	G	83.415	18
chr6	4893718	SNP	G	A	85.4195	23
chr6	18156412	SNP	A	C	47.6936	40
chr6	37686827	SNP	T	A	81.029	22
chr6	47871415	SNP	A	G	71.8934	20
chr6	47871432	SNP	A	G	46.2802	18
chr6	47871439	SNP	A	G	21.357	16
chr6	47871725	SNP	A	G	34.2349	13
chr6	47871742	SNP	A	G	33.406	17
chr6	51482972	SNP	G	T	25.5202	23
chr6	52346689	SNP	G	C	34.1588	21
chr6	58017558	SNP	T	G	134.23	271
chr6	58017590	SNP	C	T	138.154	136
chr6	58017664	SNP	G	A	67.4148	30
chr6	58017739	SNP	A	G	76.4192	19
chr6	58017841	SNP	T	C	115.157	207
chr6	58017898	SNP	A	C	61.928	79
chr6	66540081	SNP	A	G	61.4147	11
chr6	66875491	SNP	A	G	170.403	247
chr6	67205777	SNP	T	C	52.4192	14
chr6	67205837	SNP	C	T	72.4191	16
chr6	67205981	SNP	C	T	45.4182	15
chr6	67556214	SNP	T	G	70.5006	120
chr6	67556216	SNP	T	A	61.4037	119
chr6	67610509	SNP	C	G	31.3371	44
chr6	67896640	SNP	T	A	57.1567	15
chr6	67896641	SNP	C	T	84.415	15
chr6	67896642	SNP	C	T	63.4378	15
chr6	68037108	SNP	G	A	24.8802	121
chr6	68037139	SNP	C	T	40.1639	249
chr6	68037316	SNP	T	G	211.231	199
chr6	68121545	SNP	C	G	52.1911	249
chr6	68121642	SNP	A	G	74.3025	252
chr6	68256869	SNP	C	T	43.0044	64
chr6	68542242	SNP	A	T	36.4017	17
chr6	68631962	SNP	G	C	48.0191	16
chr6	68768557	SNP	C	A	46.9742	16
chr6	68768558	SNP	G	A	31.0193	16
chr6	68939875	SNP	G	A	106.335	56
chr6	68939876	SNP	G	A	107.322	55
chr6	69016568	SNP	C	T	43.3894	20
chr6	69016633	SNP	A	G	86.5507	39
chr6	69016635	SNP	A	C	79.3638	39
chr6	69016694	SNP	C	G	110.509	46
chr6	69016695	SNP	T	C	107.759	48
chr6	69016744	SNP	C	T	101.345	47
chr6	69016755	SNP	C	T	120.901	41
chr6	69016852	SNP	T	C	98.8546	50
chr6	69184889	SNP	T	G	44.3995	26
chr6	69185008	SNP	T	A	57.2811	36
chr6	69185016	SNP	C	A	54.2323	37
chr6	69185129	SNP	T	C	53.3994	25
chr6	69417036	SNP	T	A	57.0756	15
chr6	69417066	SNP	T	C	55.3148	17
chr6	69417080	SNP	G	A	33.2296	17
chr6	69417110	SNP	G	A	62.3642	19
chr6	69575977	SNP	G	A	25.4155	21
chr6	69607418	SNP	T	A	54.2441	32
chr6	69701062	SNP	C	T	27.0396	32
chr6	69764641	SNP	C	T	88.3455	113
chr6	69764661	SNP	G	T	57.8999	118
chr6	69764729	SNP	C	T	90.4047	143
chr6	69814631	SNP	G	A	40.9187	59
chr6	69814633	SNP	A	C	39.3873	68
chr6	69823491	SNP	C	T	40.3949	194
chr6	69900451	SNP	T	G	98.1023	60
chr6	69900481	SNP	C	G	71.2896	64
chr6	69900552	SNP	T	A	80.3723	75
chr6	69900628	SNP	C	T	92.7942	120
chr6	69900954	SNP	A	G	115.011	132
chr6	69900973	SNP	A	T	98.1024	93
chr6	70215759	SNP	G	A	58.5755	140
chr6	70215761	SNP	A	T	70.7687	142
chr6	70215793	SNP	G	A	101.81	162
chr6	70215796	SNP	A	C	113.881	161
chr6	70215806	SNP	C	T	23.7394	171
chr6	70215808	SNP	A	G	71.503	163
chr6	70215811	SNP	G	A	74.5141	154
chr6	70215812	SNP	A	T	102.713	154
chr6	70215825	SNP	C	A	70.5286	156
chr6	70215826	SNP	C	T	69.4185	155
chr6	70215828	SNP	C	T	71.5282	158
chr6	70215947	SNP	A	T	80.4472	120
chr6	70215948	SNP	G	C	84.4072	120
chr6	70260412	SNP	G	A	30.4993	19
chr6	70260413	SNP	G	A	31.4841	19
chr6	70260545	SNP	C	T	73.3919	49
chr6	70260547	SNP	C	A	22.6307	50
chr6	70260573	SNP	C	T	26.7797	47
chr6	70260637	SNP	C	G	28.0581	51
chr6	70260653	SNP	C	T	39.2106	63
chr6	70314952	SNP	C	T	21.0641	23
chr6	70340876	SNP	G	A	29.1185	19
chr6	70340878	SNP	A	C	25.7778	19
chr6	70406527	SNP	T	A	65.3655	150
chr6	70406657	SNP	T	A	107.406	147
chr6	70607849	SNP	C	T	24.7485	52
chr6	70672080	SNP	A	G	124.066	74
chr6	70672174	SNP	T	C	62.1985	76
chr6	70672182	SNP	G	C	72.3032	69
chr6	70672189	SNP	G	T	139.094	69
chr6	70672227	SNP	T	C	110.812	67
chr6	70672283	SNP	A	G	28.7882	82
chr6	70703976	SNP	G	A	88.9472	27
chr6	70722558	SNP	T	C	79.8041	38
chr6	70722559	SNP	G	T	122.969	40
chr6	70722560	SNP	T	C	102.819	40
chr6	70722561	SNP	G	C	99.9157	43
chr6	70722562	SNP	G	T	36.2289	89
chr6	70722913	SNP	G	T	52.4146	42
chr6	70722915	SNP	G	C	50.3171	43
chr6	71124741	SNP	C	T	79.4149	15
chr6	71124927	SNP	G	C	121.371	136
chr6	71329693	SNP	A	G	45.6589	45
chr6	71329695	SNP	A	G	53.3395	49
chr6	71337369	SNP	A	G	114.265	210
chr6	71337370	SNP	A	G	87.3155	213
chr6	71337378	SNP	A	G	114.157	203
chr6	71338059	SNP	A	G	44.8832	98
chr6	85076418	SNP	A	C	101.415	16
chr6	85076473	SNP	C	T	32.4168	13
chr6	85076536	SNP	G	A	67.4184	18
chr6	85076708	SNP	A	G	92.4233	19
chr6	85076716	SNP	C	T	106.112	21
chr6	87764938	SNP	T	G	50.4146	12
chr6	91756987	INDEL	T	TT	35.1282	37
chr6	99877610	SNP	C	T	51.4146	52
chr6	99878340	SNP	T	C	187.429	173
chr6	99878383	SNP	T	G	71.2148	38
chr6	99878402	SNP	A	G	51.4189	15
chr6	108140183	SNP	T	C	24.7552	22
chr6	108140337	SNP	T	C	95.1695	30
chr6	108140456	SNP	T	C	66.1829	47
chr6	109505146	SNP	T	C	56.4147	41
chr6	109505219	SNP	T	C	63.4147	17
chr6	109505228	SNP	T	C	54.4192	42
chr6	109505246	SNP	T	C	53.424	43
chr6	122644325	SNP	G	C	46.3233	13
chr6	122644332	SNP	T	C	62.4147	17
chr6	122644391	SNP	G	A	43.9362	14
chr6	122644655	SNP	T	C	66.4189	28
chr6	128313425	SNP	G	C	40.9345	27
chr6	128313596	SNP	T	C	159.423	214
chr6	128322840	SNP	T	C	35.9997	11
chr6	136488757	SNP	T	A	74.4149	17
chr6	145266405	SNP	G	T	34.1834	77
chr6	145266558	SNP	A	G	25.4305	20
chr6	145266587	SNP	T	C	42.0759	30
chr6	145266804	SNP	G	A	27.4222	18
chr6	148639570	SNP	T	C	73.4189	13
chr6	148901085	SNP	A	G	93.055	39
chr6	149335022	SNP	G	T	31.2714	11
chr7	3704450	SNP	T	A	47.9406	17
chr7	3984137	SNP	T	C	61.068	18
chr7	4486240	INDEL	TGGGG	TGGG	58.2022	16
chr7	6019000	SNP	T	C	85.3303	19
chr7	10656827	SNP	A	C	104.184	25
chr7	11845327	SNP	C	T	59.4147	12
chr7	16719173	SNP	T	C	84.1144	57
chr7	16719195	SNP	T	C	39.4182	23
chr7	24862316	SNP	T	C	143.349	68
chr7	24862361	SNP	T	C	83.2715	123
chr7	24862473	SNP	A	G	49.038	13
chr7	24916016	SNP	A	C	77.9431	25
chr7	28821847	SNP	G	A	73.8917	18
chr7	28821995	SNP	C	T	42.6471	18
chr7	28821998	SNP	G	T	48.2318	18
chr7	31035417	SNP	T	C	43.1731	17
chr7	31036435	SNP	C	T	37.3367	34
chr7	39589058	SNP	A	G	111.42	25
chr7	42398321	SNP	G	A	43.4191	14
chr7	42953748	SNP	C	T	46.3703	63
chr7	42953884	SNP	C	T	41.4049	63
chr7	42954193	SNP	C	T	29.4266	13
chr7	45325384	SNP	T	C	53.4189	17
chr7	45325387	SNP	G	A	59.4147	15
chr7	45325530	SNP	T	C	26.4242	12
chr7	45325635	SNP	A	G	37.4196	11
chr7	46820983	SNP	C	T	44.9127	11
chr7	48137577	SNP	A	C	153.416	36
chr7	48137592	SNP	A	G	153.416	36
chr7	48137596	SNP	A	G	149.416	34
chr7	48137604	SNP	T	G	122.415	25
chr7	48137607	SNP	A	G	60.4147	12
chr7	48137612	SNP	T	C	60.4147	12
chr7	63543603	SNP	C	T	82.415	12
chr7	79360769	SNP	A	G	46.0702	31
chr7	79360841	SNP	A	G	73.3463	52
chr7	83756578	SNP	C	T	67.4184	18
chr7	83756954	SNP	T	C	114.425	128
chr7	83757191	SNP	G	A	59.4183	12
chr7	83757202	SNP	A	G	69.1609	22
chr7	83757697	SNP	T	C	63.4231	11
chr7	85927677	SNP	T	A	21.0779	11
chr7	86676248	SNP	G	T	32.6584	19
chr7	93179064	SNP	T	C	140.349	84
chr7	99882672	SNP	C	G	40.7082	13
chr7	99882682	SNP	A	C	54.2685	14
chr7	100498732	SNP	G	A	41.466	35
chr7	101061401	SNP	A	G	89.4196	15
chr7	102645369	SNP	T	C	55.4042	67
chr7	104263920	SNP	T	C	28.6879	13
chr7	104263930	SNP	T	C	20.4304	13
chr7	104308058	SNP	T	C	21.3403	60
chr7	104312643	SNP	T	C	21.4317	13
chr7	104312647	SNP	T	C	23.4057	13
chr7	104339279	SNP	T	C	31.9365	64
chr7	104339280	SNP	T	C	38.1352	64
chr7	104339306	SNP	T	C	36.9317	72
chr7	106511676	SNP	C	T	90.6961	51
chr7	106644528	SNP	C	G	25.793	16
chr7	107863292	SNP	T	C	45.423	11
chr7	108941455	SNP	T	A	52.0102	21
chr7	108941458	SNP	C	A	65.6355	23
chr7	108941460	SNP	G	T	65.3648	23
chr7	111070722	INDEL	A	AA	41.3703	15
chr7	116824445	SNP	C	T	58.4147	11
chr7	116824603	SNP	T	C	89.4243	57
chr7	116825112	SNP	A	G	28.4245	20
chr7	116825148	SNP	A	G	58.3584	24
chr7	116825578	SNP	T	C	115.415	62
chr7	126799042	SNP	C	T	21.5169	24
chr7	127978135	SNP	G	A	37.4215	12
chr7	127978138	SNP	C	A	63.4187	13
chr7	130834431	SNP	C	G	140.416	252
chr7	130834469	SNP	T	G	137.42	267
chr7	130834477	SNP	T	C	129.42	244
chr7	130834482	SNP	A	G	131.416	238
chr7	130834500	SNP	T	C	213.426	189
chr7	130834545	SNP	A	G	225.422	262
chr7	130834599	SNP	A	G	45.2997	43
chr7	140315855	SNP	A	C	56.4147	12
chr7	141177816	SNP	T	C	39.0381	27
chr7	141177817	SNP	T	C	50.2423	27
chr7	141177818	SNP	T	A	57.4147	27
chr7	141177953	SNP	T	C	58.0003	11
chr7	141177998	SNP	T	C	43.4236	51
chr7	141178276	SNP	C	T	54.8157	20
chr7	141178304	SNP	T	C	97.2777	38
chr7	141178353	SNP	A	G	155.425	68
chr7	141178399	SNP	T	C	138.298	48
chr7	141178437	SNP	A	G	97.1896	27
chr7	141178481	SNP	T	C	45.8789	16
chr7	144579646	SNP	T	C	68.0225	15
chr7	144579673	SNP	T	C	111.096	15
chr8	3364754	SNP	C	A	76.6353	137
chr8	3583915	SNP	G	C	27.5665	39
chr8	3584174	SNP	A	G	118.424	52
chr8	3754430	SNP	C	G	175.416	268
chr8	3754439	SNP	A	G	177.421	269
chr8	3754446	SNP	A	G	178.416	262
chr8	3754454	INDEL	CGGG	CGGGG	25.0048	80
chr8	4391954	SNP	C	T	68.4148	16
chr8	4391967	SNP	G	A	67.4191	17
chr8	4391968	SNP	A	T	72.4148	17
chr8	4392025	SNP	A	T	107.415	23
chr8	4392028	SNP	T	C	109.415	24
chr8	4812939	SNP	C	T	46.4146	12
chr8	5639763	SNP	A	G	60.4226	11
chr8	5639793	SNP	T	C	109.415	15
chr8	5639848	SNP	G	A	29.9895	12
chr8	5640030	SNP	A	G	77.1634	21
chr8	5640179	SNP	C	T	73.1018	15
chr8	5640270	SNP	A	G	95.419	20
chr8	5640370	SNP	T	C	63.4187	12
chr8	5640501	SNP	C	T	85.4191	19
chr8	5640594	SNP	A	G	67.4148	13
chr8	5640780	SNP	A	G	158.416	48
chr8	5640864	SNP	T	C	137.416	30
chr8	11683633	SNP	A	G	62.2886	61
chr8	11683720	SNP	G	A	20.4575	17
chr8	19493126	SNP	A	G	81.1875	104
chr8	19682416	SNP	G	A	42.3837	44
chr8	19682419	SNP	C	T	151.42	40
chr8	19682444	SNP	A	G	62.2994	40
chr8	19691613	SNP	C	T	67.2076	42
chr8	19694048	SNP	C	T	37.2431	18
chr8	19784675	SNP	T	C	23.434	13
chr8	20151529	SNP	G	A	37.0776	34
chr8	20394677	SNP	G	T	23.4212	15
chr8	20395225	SNP	G	C	72.0007	11
chr8	33717399	SNP	G	A	79.4149	18
chr8	42246904	SNP	T	C	113.424	98
chr8	42247015	SNP	A	G	70.1936	22
chr8	42247151	SNP	T	C	43.8636	22
chr8	42247243	SNP	T	C	170.394	175
chr8	42247347	SNP	A	G	70.4189	23
chr8	46193573	SNP	A	G	35.9738	15
chr8	52196511	SNP	T	G	69.4235	21
chr8	69564061	SNP	A	G	59.0173	22
chr8	69564083	SNP	G	A	49.0121	24
chr8	69564088	SNP	G	A	64.7755	26
chr8	69564266	SNP	A	T	114.415	15
chr8	69564324	SNP	A	G	76.9357	34
chr8	69564329	SNP	T	C	76.255	28
chr8	69564339	SNP	G	A	87.59	31
chr8	69564566	SNP	C	G	81.0517	16
chr8	69564580	SNP	G	A	74.9514	16
chr8	69821786	SNP	A	G	25.6535	39
chr8	70010987	SNP	A	G	41.8975	15
chr8	70699048	INDEL	GAA	GA	127.783	96
chr8	72257037	INDEL	TCCC	TCC	147.856	118
chr8	72480343	SNP	T	C	23.1476	11
chr8	72482338	SNP	T	C	32.5251	69
chr8	72482340	SNP	T	C	79.2749	68
chr8	72482552	SNP	T	C	42.8574	47
chr8	78486199	SNP	A	G	21.9111	41
chr8	83572754	SNP	C	T	20.4281	13
chr8	86624176	INDEL	CA	C	145.318	107
chr8	88171868	SNP	A	G	52.3931	29
chr8	90956673	INDEL	A	AA	20.4419	15
chr8	94017337	SNP	T	C	89.4151	12
chr8	94017902	SNP	T	C	25.4153	18
chr8	97427929	SNP	T	C	44.4191	12
chr8	97428306	SNP	A	G	39.4149	11
chr8	97876469	SNP	T	C	43.4147	11
chr8	97876470	SNP	A	G	45.4146	11
chr8	100031692	SNP	T	C	72.4194	19
chr8	102673925	SNP	C	T	57.4147	12
chr8	102865015	SNP	C	T	98.4244	204
chr8	102865103	SNP	C	T	140.247	230
chr8	102865196	SNP	C	A	166.302	103
chr8	102865241	SNP	G	C	86.768	32
chr8	102865297	SNP	T	C	36.9903	12
chr8	102865406	SNP	C	T	81.0445	66
chr8	102865409	SNP	C	T	105.415	74
chr8	102865499	SNP	G	A	98.8024	113
chr8	102865607	SNP	G	A	112.003	63
chr8	102865661	SNP	G	C	78.2517	68
chr8	102865727	SNP	G	A	101.424	134
chr8	106572985	SNP	G	A	127.123	248
chr8	106573093	SNP	A	G	108.42	41
chr8	106573105	SNP	C	T	98.4152	35
chr8	106573106	SNP	A	G	93.4196	35
chr8	106573298	SNP	C	T	106.129	102
chr8	107262819	SNP	A	G	47.1595	30
chr8	107262912	SNP	G	T	93.2174	23
chr8	107439184	SNP	G	A	42.4235	41
chr8	107439194	SNP	T	C	44.4192	49
chr8	107439293	SNP	T	C	141.283	108
chr8	107439533	SNP	A	G	120.353	110
chr8	116502350	SNP	T	C	25.4312	11
chr8	124893879	SNP	T	C	40.9159	12
chr8	124894122	SNP	T	C	59.4519	14
chr8	124894129	SNP	T	C	38.3687	14
chr8	124894184	SNP	T	C	32.0475	12
chr8	129253044	SNP	T	A	64.224	12
chr8	129283628	SNP	T	C	99.4152	13
chr9	3258791	SNP	T	C	30.1288	16
chr9	3258796	SNP	A	C	140.409	253
chr9	3258803	SNP	A	G	142.416	258
chr9	3258817	SNP	C	G	141.416	268
chr9	3258818	SNP	A	G	139.42	268
chr9	3258830	SNP	T	C	141.415	279
chr9	3258832	SNP	A	G	140.41	280
chr9	3258881	SNP	A	C	204.409	243
chr9	3258883	SNP	A	G	208.421	243
chr9	3258886	SNP	T	C	203.418	248
chr9	3258929	SNP	T	C	192.426	179
chr9	13249318	SNP	A	T	117.42	20
chr9	13289943	INDEL	TGGGG	TGGG	119.939	29
chr9	17030311	SNP	T	A	21.3599	53
chr9	17030464	SNP	G	A	30.4183	11
chr9	17987794	SNP	T	C	79.4149	16
chr9	17987796	SNP	A	G	79.4149	16
chr9	17987797	SNP	T	G	79.4149	16
chr9	17987825	SNP	A	G	79.4149	16
chr9	19927890	SNP	C	A	49.0864	46
chr9	25101235	SNP	T	A	47.5003	151
chr9	31380178	INDEL	TTTTTTTT	TTTTTTTTT	35.3491	17
chr9	31380185	INDEL	T	TTT	20.9033	17
chr9	35305426	SNP	T	C	42.244	11
chr9	37697105	SNP	G	A	57.4186	12
chr9	37697114	SNP	A	T	42.5197	14
chr9	44292706	SNP	T	C	47.3417	26
chr9	44375108	SNP	T	C	65.1383	19
chr9	44975245	SNP	A	T	141.302	28
chr9	44975246	SNP	C	G	127.24	28
chr9	56223610	SNP	T	C	87.3055	270
chr9	56437935	SNP	A	G	59.4187	17
chr9	56491748	SNP	A	G	33.4032	15
chr9	59472216	SNP	T	C	21.4565	16
chr9	59472227	SNP	T	C	44.3009	14
chr9	96057240	SNP	A	G	36.2696	26
chr9	108337130	SNP	A	G	54.3594	239
chr9	110281249	SNP	A	G	125.42	252
chr9	110281264	SNP	A	C	132.414	266
chr9	110281266	SNP	A	G	125.42	266
chr9	110281271	SNP	T	C	125.42	269
chr9	110281339	SNP	G	C	228.412	241
chr9	110281343	SNP	A	C	228.381	239
chr9	110281352	SNP	A	G	228.405	226
chr9	116040751	SNP	A	G	58.3988	42
chr9	118675017	SNP	G	C	125.42	37
chr9	118675025	SNP	T	C	130.416	37
chr9	123307748	SNP	G	T	118.415	22
chr9	123461797	SNP	A	T	26.4115	44
chr9	123461799	SNP	G	T	25.4135	44
chr9	123461940	SNP	T	G	88.3195	244
chr9	123520918	SNP	A	G	62.2815	48
chr9	123520968	SNP	A	G	57.3441	78
chr9	124268577	SNP	A	G	25.2177	14
chr9	124268590	SNP	A	T	124.416	22
chr9	124268592	SNP	C	T	71.2411	22
chr9	124268604	SNP	A	G	74.4198	23
chr9	124269216	SNP	A	G	50.4057	34
chr9	124269221	SNP	C	T	70.3065	33
chr9	124269291	SNP	A	G	78.3914	30
chr9	124269317	SNP	A	T	49.2164	31
chr9	124269348	SNP	C	T	97.4047	52
chr9	124269401	SNP	G	A	47.0407	43
chr9	124269467	SNP	C	T	59.3936	29
chr9	124269472	SNP	T	A	68.3426	24
chr9	124269512	SNP	C	T	82.238	25
chr9	124269513	SNP	A	G	86.2	25
chr9	124269668	SNP	T	C	75.9811	27
chr9	124269670	SNP	T	C	76.3784	29
chr9	124269703	SNP	C	T	67.1956	39
chr9	124269724	SNP	T	C	68.1911	41
chr9	124269725	SNP	G	C	66.1987	41
chr9	124269738	SNP	G	C	61.4034	38
chr9	124269752	SNP	C	T	71.3695	33
chr9	124269765	SNP	A	C	71.401	33
chr9	124269918	SNP	A	G	73.0087	28
chr9	124271428	SNP	T	G	91.9472	33
chr9	124271464	SNP	A	G	62.5839	20
chr10	5792121	SNP	C	T	73.4195	65
chr10	5792122	SNP	T	G	63.4147	65
chr10	5792215	SNP	C	T	188.421	78
chr10	11492115	SNP	G	A	182.427	255
chr10	11492118	SNP	G	A	175.391	257
chr10	11492126	SNP	A	G	183.407	262
chr10	11492130	SNP	T	C	181.388	266
chr10	11492132	SNP	T	C	184.408	267
chr10	11492172	SNP	T	C	131.42	132
chr10	11492185	SNP	A	G	153.416	38
chr10	11492190	SNP	A	G	157.416	39
chr10	11492193	SNP	T	C	158.421	35
chr10	11492198	SNP	A	G	179.416	35
chr10	11492200	SNP	A	G	169.416	35
chr10	11492201	SNP	T	C	170.416	35
chr10	11492226	SNP	A	G	54.4193	54
chr10	11492233	SNP	A	G	55.4146	54
chr10	11492234	SNP	T	C	55.4146	54
chr10	11492240	SNP	A	C	55.3087	54
chr10	20208482	SNP	G	A	136.337	185
chr10	20208555	SNP	A	G	155.353	87
chr10	20208738	SNP	A	G	34.4195	12
chr10	20208761	SNP	G	A	38.1013	15
chr10	22312042	SNP	A	G	114.415	15
chr10	28876141	SNP	A	T	20.4288	19
chr10	29030341	SNP	A	G	97.4152	15
chr10	29698745	SNP	C	T	46.4146	25
chr10	30780968	SNP	T	C	57.4189	15
chr10	39198558	SNP	T	G	52.4146	16
chr10	39198665	SNP	G	A	95.4151	56
chr10	39198758	SNP	C	A	95.2978	37
chr10	39199041	SNP	T	C	138.416	18
chr10	39199047	SNP	A	G	95.4191	12
chr10	43456299	SNP	A	G	23.2207	19
chr10	45875770	SNP	T	C	150.416	48
chr10	47454365	SNP	A	G	27.4004	11
chr10	47454431	SNP	T	C	81.3971	35
chr10	52341295	SNP	C	T	70.4148	20
chr10	52341311	SNP	T	C	62.4221	25
chr10	56497605	SNP	T	A	81.0528	31
chr10	56497777	SNP	A	G	113.42	33
chr10	60298433	SNP	G	C	67.4148	16
chr10	62071778	SNP	C	G	116.415	20
chr10	62072265	SNP	T	C	62.4147	13
chr10	79856502	SNP	A	G	72.3977	16
chr10	79888689	SNP	C	A	61.1946	21
chr10	79888746	SNP	C	A	50.9174	44
chr10	79888753	SNP	T	G	26.558	41
chr10	79888769	SNP	T	A	99.3059	47
chr10	79888776	SNP	T	G	44.7373	44
chr10	79888867	SNP	T	C	97.4152	30
chr10	79888870	SNP	C	T	80.4149	27
chr10	81179880	SNP	A	G	79.9783	27
chr10	82954861	SNP	G	A	90.419	13
chr10	82955264	SNP	T	C	86.4195	26
chr10	82955280	SNP	T	C	100.28	41
chr10	82955350	SNP	A	G	122.42	94
chr10	82955360	SNP	T	A	94.2548	35
chr10	84309281	SNP	A	G	69.4193	32
chr10	105238420	SNP	A	G	63.3518	255
chr10	105238475	SNP	G	T	209.178	237
chr10	105238521	SNP	A	G	191.395	230
chr10	105238522	SNP	G	A	193.421	229
chr10	111126258	SNP	T	C	22.4391	33
chr10	115270149	SNP	C	T	23.9656	11
chr10	115270311	SNP	T	C	34.0418	17
chr10	115270383	SNP	T	C	83.059	82
chr10	115599081	SNP	T	C	45.4192	13
chr10	115599577	SNP	T	C	43.0702	25
chr10	116972733	SNP	C	T	57.4147	22
chr10	116972792	SNP	T	G	39.0951	34
chr10	116972807	SNP	A	G	73.4189	20
chr10	116972831	SNP	A	G	88.415	15
chr10	116972854	SNP	G	C	68.361	28
chr10	116972945	SNP	G	C	39.9393	13
chr10	117054039	SNP	C	T	51.9401	12
chr10	117057164	SNP	T	A	21.3397	12
chr10	117057166	SNP	T	C	28.0547	11
chr10	117057169	SNP	C	A	20.976	11
chr10	128085440	SNP	A	C	32.3266	26
chr10	128493568	SNP	T	A	33.1568	29
chr10	128493569	SNP	G	T	47.3091	30
chr10	128493572	SNP	C	T	35.2428	27
chr10	128776829	SNP	A	G	23.7835	17
chr10	128777042	SNP	G	A	26.4242	13
chr11	3126052	SNP	C	A	37.245	45
chr11	3126053	SNP	A	G	48.3504	44
chr11	3127575	SNP	C	A	24.3513	187
chr11	3128933	SNP	T	C	70.5551	74
chr11	3129441	SNP	G	A	30.4078	66
chr11	3130219	SNP	A	G	90.4046	69
chr11	3130245	SNP	A	C	91.3894	57
chr11	3130256	SNP	C	A	73.2499	51
chr11	3130293	SNP	A	C	95.3951	55
chr11	3130297	SNP	A	G	104.162	54
chr11	3132249	SNP	G	A	31.5688	88
chr11	3135342	SNP	T	C	21.8489	29
chr11	3140227	SNP	C	T	35.9697	43
chr11	3140228	SNP	G	T	47.0587	42
chr11	3149979	SNP	A	G	34.782	16
chr11	3149994	SNP	T	C	29.7851	15
chr11	3159510	SNP	A	G	33.8604	14
chr11	5525558	SNP	A	G	45.7455	93
chr11	5798014	SNP	A	G	22.0082	15
chr11	6172642	SNP	A	G	128.412	93
chr11	6172887	SNP	G	A	49.4146	18
chr11	6172920	SNP	A	G	62.8421	68
chr11	9737200	SNP	G	A	58.0737	12
chr11	9737537	SNP	T	A	47.0889	19
chr11	15049263	SNP	A	C	30.1724	22
chr11	16514832	SNP	A	G	45.4146	11
chr11	20228606	SNP	T	C	75.3471	26
chr11	20446448	SNP	A	G	33.1727	11
chr11	20446729	SNP	T	C	29.2546	11
chr11	33039311	SNP	G	A	40.5794	20
chr11	33039410	SNP	T	C	51.4193	57
chr11	33039422	SNP	C	T	47.4236	57
chr11	33039458	SNP	T	A	127.897	120
chr11	33039572	SNP	A	G	23.9448	15
chr11	33754810	SNP	A	G	94.4151	15
chr11	41499705	SNP	G	A	84.415	17
chr11	43684125	SNP	A	G	38.3992	16
chr11	43684139	SNP	A	G	43.3641	18
chr11	43684145	SNP	A	G	54.3967	21
chr11	46052139	SNP	T	C	56.2089	11
chr11	46728010	SNP	T	C	100.234	48
chr11	46728048	SNP	A	G	120.425	92
chr11	46728168	SNP	C	T	170.404	242
chr11	46728284	SNP	A	G	52.881	27
chr11	46728294	SNP	A	G	45.3177	15
chr11	46728354	SNP	C	A	61.3228	17
chr11	48752357	SNP	G	A	85.415	14
chr11	48752521	SNP	A	G	118.42	17
chr11	48752538	SNP	A	G	89.4205	15
chr11	48752561	SNP	C	T	142.42	33
chr11	48752683	SNP	G	A	150.42	46
chr11	48752723	SNP	A	C	130.032	35
chr11	48752773	SNP	G	A	55.4189	17
chr11	48752920	SNP	G	A	157.421	104
chr11	48752986	SNP	C	A	56.4192	12
chr11	48753064	SNP	G	A	124.025	105
chr11	48753141	SNP	T	G	115.028	40
chr11	48753245	SNP	A	T	146.197	53
chr11	48753279	SNP	G	A	156.345	60
chr11	48753373	SNP	G	A	107.415	15
chr11	48753430	SNP	C	A	121.415	27
chr11	48753496	SNP	A	T	129.125	71
chr11	48753684	SNP	T	C	38.4193	24
chr11	48753686	SNP	T	C	41.4194	24
chr11	48945807	SNP	A	G	38.3285	85
chr11	49678962	SNP	T	C	39.2984	157
chr11	50379466	SNP	A	T	41.359	24
chr11	51602590	SNP	T	G	20.3148	16
chr11	53770168	INDEL	AGGG	AGG	60.4756	209
chr11	55118231	SNP	C	T	49.3127	13
chr11	55118368	SNP	G	A	63.0432	11
chr11	59458313	SNP	A	G	21.3697	13
chr11	59458314	SNP	A	G	48.2821	13
chr11	72835253	SNP	G	A	35.42	12
chr11	75176340	SNP	T	C	83.1168	25
chr11	75176344	SNP	T	C	130.21	23
chr11	75176345	SNP	T	C	106.896	23
chr11	75176346	SNP	T	C	60.1975	23
chr11	75176384	SNP	T	C	99.1027	30
chr11	75176432	SNP	T	C	40.392	46
chr11	75177359	SNP	T	C	33.0364	24
chr11	75177362	SNP	T	C	34.2348	24
chr11	75177363	SNP	T	C	127.912	24
chr11	75177367	SNP	T	C	114.898	22
chr11	75177424	SNP	T	C	67.4011	24
chr11	75177459	SNP	T	C	43.3303	25
chr11	75300560	SNP	T	C	106.397	124
chr11	75300577	SNP	T	C	64.0186	121
chr11	75300578	SNP	T	C	120.954	119
chr11	75300584	SNP	T	C	104.864	136
chr11	75300593	SNP	T	C	126.06	129
chr11	75300618	SNP	T	C	90.392	159
chr11	75300622	SNP	T	C	85.4017	164
chr11	75300630	SNP	T	C	59.2197	167
chr11	75300631	SNP	T	C	93.0668	166
chr11	75300985	SNP	T	C	98.3818	189
chr11	75301007	SNP	T	C	21.8387	208
chr11	75301015	SNP	T	C	136.967	194
chr11	75301032	SNP	T	C	32.8553	196
chr11	75301040	SNP	T	C	93.3778	195
chr11	76601390	SNP	C	G	58.8243	79
chr11	77294080	SNP	T	A	53.9722	16
chr11	77521532	SNP	A	G	69.1238	13
chr11	77521540	SNP	A	G	45.7237	13
chr11	77709886	INDEL	A	ATATA	82.3103	13
chr11	82963228	SNP	A	G	21.6948	37
chr11	86630395	SNP	C	T	51.4146	45
chr11	86630507	SNP	T	C	143.342	189
chr11	86630614	SNP	A	C	88.8232	161
chr11	86630671	SNP	G	A	141.273	114
chr11	86630691	SNP	A	G	151.269	144
chr11	86630748	SNP	T	C	148.425	110
chr11	86630807	SNP	T	C	148.368	67
chr11	86630948	SNP	A	T	118.174	65
chr11	86630949	SNP	A	C	103.943	66
chr11	86631035	SNP	T	C	51.4221	23
chr11	86631037	SNP	T	G	70.7781	23
chr11	96035370	SNP	G	A	42.4185	11
chr11	96249080	SNP	A	G	34.4159	13
chr11	96249136	SNP	T	C	63.058	18
chr11	96249146	SNP	G	A	81.415	22
chr11	96249225	SNP	G	A	75.4149	27
chr11	97644856	SNP	T	C	90.4151	15
chr11	97644864	SNP	T	C	74.0506	14
chr11	98625085	SNP	T	C	94.4151	20
chr11	99144195	SNP	C	T	37.9494	12
chr11	99932839	SNP	G	A	83.415	13
chr11	100619526	SNP	A	C	31.3259	17
chr11	104442017	INDEL	C	CC	25.2205	12
chr11	105774751	SNP	T	G	89.079	21
chr11	106066798	SNP	A	G	153.416	46
chr11	106066801	SNP	T	C	153.416	48
chr11	106066805	SNP	T	C	151.416	49
chr11	106066822	SNP	C	T	149.42	56
chr11	106066841	SNP	G	C	139.416	30
chr11	106066844	SNP	C	G	130.416	26
chr11	106159207	SNP	C	A	31.0397	13
chr11	106159346	SNP	A	T	29.4069	43
chr11	109011717	INDEL	G	GCGCG	26.1884	233
chr11	109011727	SNP	A	C	223.422	247
chr11	109011728	SNP	G	C	214.39	247
chr11	109011770	SNP	T	C	224.426	234
chr11	109011783	SNP	A	G	220.391	215
chr11	109011784	SNP	T	C	189.073	238
chr11	109011803	SNP	T	G	217.393	243
chr11	109011815	SNP	A	G	218.417	242
chr11	109011936	SNP	T	C	176.421	236
chr11	109011942	SNP	T	C	177.392	233
chr11	109011964	SNP	C	T	193.404	244
chr11	109011968	SNP	A	G	195.421	240
chr11	109011999	SNP	A	G	177.421	240
chr11	109012019	SNP	A	G	188.421	233
chr11	109012035	SNP	T	C	185.348	238
chr11	109012050	SNP	T	C	195.394	230
chr11	109012101	SNP	A	T	165.416	79
chr11	109012102	SNP	A	T	164.356	79
chr11	109012106	SNP	T	A	163.416	75
chr11	109012119	SNP	T	C	170.416	41
chr11	109666641	SNP	C	G	41.5156	17
chr11	111276065	SNP	G	T	45.0343	12
chr11	115500687	SNP	G	T	89.0497	15
chr11	116382741	SNP	T	A	104.415	30
chr11	116382748	SNP	T	C	103.415	32
chr11	116382754	SNP	C	G	78.9815	32
chr11	116383010	SNP	T	C	83.4191	15
chr11	116383096	SNP	T	C	58.3478	33
chr11	116383102	SNP	T	C	46.356	28
chr11	120579515	SNP	C	A	62.6269	17
chr12	4459896	SNP	T	C	108.935	82
chr12	4459921	SNP	C	T	126.42	27
chr12	21938499	SNP	C	T	57.4191	21
chr12	21938514	SNP	A	G	80.4149	39
chr12	21938591	SNP	G	T	155.416	38
chr12	21938593	SNP	T	C	135.399	38
chr12	21938595	SNP	T	C	149.42	38
chr12	31258631	SNP	A	G	46.4192	12
chr12	44154795	SNP	G	A	92.4151	11
chr12	47812934	SNP	T	C	23.2943	16
chr12	47813273	SNP	A	G	28.3196	49
chr12	47813283	SNP	C	T	28.4205	41
chr12	55395938	SNP	G	T	22.2804	15
chr12	59081204	SNP	T	C	73.4219	66
chr12	67510880	SNP	A	G	28.7601	22
chr12	70994629	SNP	A	G	39.8948	14
chr12	71098211	SNP	A	G	76.4004	58
chr12	75631154	SNP	A	G	164.262	243
chr12	75631236	SNP	C	T	171.359	193
chr12	75631359	SNP	A	G	47.1193	37
chr12	78350874	SNP	A	G	119.391	246
chr12	78350923	SNP	A	C	84.4094	222
chr12	78350929	SNP	T	C	105.412	219
chr12	78351054	SNP	C	T	188.389	239
chr12	78351125	SNP	T	C	213.431	219
chr12	80174645	SNP	A	G	41.9586	13
chr12	81501647	SNP	T	A	29.3621	21
chr12	84760719	SNP	C	T	91.1101	17
chr12	84972419	SNP	A	G	27.3943	12
chr12	96922510	SNP	T	C	107.425	135
chr12	99645126	SNP	A	T	74.9309	29
chr12	99645209	SNP	G	T	68.2333	17
chr12	99645216	SNP	T	C	70.4148	13
chr12	99645492	SNP	T	C	28.4205	56
chr12	99645497	SNP	T	C	31.4175	69
chr12	99645564	SNP	A	G	109.399	238
chr12	99645608	SNP	T	C	204.385	243
chr12	99645645	SNP	A	G	214.414	228
chr12	100744743	SNP	A	C	54.1736	23
chr12	100744872	SNP	T	G	41.3259	40
chr12	103443479	SNP	A	G	23.0813	16
chr12	103443481	SNP	C	G	27.8092	16
chr12	110315995	SNP	G	T	93.1997	262
chr12	110858854	SNP	T	C	116.415	25
chr12	110898119	SNP	T	C	117.425	256
chr12	110898485	SNP	A	G	30.4183	13
chr12	110898503	SNP	T	C	64.4193	19
chr12	112958189	SNP	T	C	65.7482	18
chr12	112958239	SNP	T	C	24.322	26
chr12	112958242	SNP	T	C	100.203	27
chr12	113611270	SNP	G	T	42.8703	159
chr12	113611382	SNP	T	A	59.9796	145
chr12	113611393	SNP	T	A	34.6392	135
chr12	113611428	SNP	T	G	66.2579	209
chr12	113625635	SNP	C	G	42.2756	33
chr12	113859142	SNP	C	A	52.4146	14
chr12	113859143	SNP	A	C	49.1545	15
chr12	113948484	SNP	A	T	33.7818	40
chr12	113994474	SNP	C	A	23.3254	29
chr12	113994566	SNP	C	T	77.3924	56
chr12	113994592	SNP	T	G	32.6683	58
chr12	113994601	SNP	C	G	87.3609	59
chr12	113994661	SNP	C	T	60.1537	64
chr12	113994733	SNP	C	T	104.95	40
chr12	114176553	SNP	T	C	39.3362	20
chr12	114176560	SNP	T	C	29.3195	17
chr12	114176568	SNP	T	A	38.3687	14
chr12	114176619	SNP	T	A	46.3531	20
chr12	114176630	SNP	C	T	59.3323	27
chr12	114176632	SNP	T	G	56.3504	27
chr12	114288278	SNP	C	G	51.0924	229
chr12	114357880	SNP	T	C	91.0508	14
chr12	114357883	SNP	C	T	72.712	14
chr12	114357899	SNP	T	C	65.5816	13
chr12	114487251	SNP	T	C	37.9574	182
chr12	114487258	SNP	T	C	57.2431	201
chr12	114487263	SNP	C	T	82.2944	202
chr12	114538608	SNP	T	C	68.3998	169
chr12	114538610	SNP	T	C	132.092	163
chr12	114538616	SNP	G	C	47.2862	172
chr12	114538617	SNP	T	A	51.2659	175
chr12	114538622	SNP	C	T	74.7034	168
chr12	114538628	SNP	C	T	37.1464	176
chr12	114538687	SNP	C	T	33.9822	177
chr12	114538697	SNP	C	G	56.6743	186
chr12	114708759	SNP	G	C	49.3789	37
chr12	114708777	SNP	G	A	28.3109	24
chr12	114708896	SNP	C	T	69.4027	36
chr12	114723782	SNP	T	A	50.6167	29
chr12	114723799	SNP	C	T	63.4965	43
chr12	114723803	SNP	G	T	61.346	50
chr12	114723819	SNP	G	A	60.1157	71
chr12	114723835	SNP	G	A	55.7215	102
chr12	114723869	SNP	C	T	130.379	115
chr12	114723893	SNP	G	C	133.42	121
chr12	114723906	SNP	A	G	151.329	111
chr12	114723916	SNP	A	G	147.325	109
chr12	114723922	SNP	A	G	126.076	141
chr12	114723957	SNP	C	T	128.022	161
chr12	114723977	SNP	G	T	155.124	200
chr12	114723985	SNP	G	A	158.157	213
chr12	114724032	SNP	C	G	105.896	155
chr12	114724076	SNP	C	G	70.7743	131
chr12	114746419	SNP	A	T	31.8744	40
chr12	114746558	SNP	C	G	43.943	60
chr12	114914638	SNP	G	A	52.3139	23
chr12	114914652	SNP	T	A	73.2379	26
chr12	114914661	SNP	T	C	81.2925	33
chr12	114914682	SNP	T	C	68.4035	32
chr12	114914717	SNP	C	G	91.3369	42
chr12	114914743	SNP	T	C	71.3139	41
chr12	114914774	SNP	C	T	21.5489	37
chr12	114914796	SNP	T	C	73.3983	30
chr12	114914809	SNP	T	C	80.3921	35
chr12	115055345	SNP	T	A	70.4148	11
chr12	115055347	SNP	G	A	74.4149	11
chr12	115119853	SNP	C	T	30.8562	82
chr12	115119875	SNP	C	T	53.0462	97
chr12	115119878	SNP	T	A	53.0176	94
chr12	115119879	SNP	C	T	56.065	93
chr12	115119950	SNP	C	T	102.147	52
chr12	115120017	SNP	C	T	86.404	47
chr12	115145689	SNP	C	T	22.8055	32
chr12	115193695	SNP	C	T	37.7364	46
chr12	115193739	SNP	C	T	73.0212	88
chr12	115193748	SNP	T	C	71.0563	94
chr12	115242881	SNP	A	G	54.2937	11
chr12	115335187	SNP	C	T	75.1419	73
chr12	115335190	SNP	T	C	33.3462	74
chr12	115335228	SNP	C	G	23.7103	44
chr12	115335248	SNP	T	A	56.9954	48
chr12	115335260	SNP	T	C	35.6271	50
chr12	115335262	SNP	C	T	87.4007	50
chr12	115335274	SNP	C	T	86.3664	77
chr12	115335284	SNP	C	T	27.3994	90
chr12	115335319	SNP	C	T	70.2427	87
chr12	115335322	SNP	C	T	76.2784	87
chr12	115335346	SNP	C	T	97.9047	57
chr12	115335366	SNP	G	A	93.3722	60
chr12	115507669	SNP	C	T	32.8407	165
chr12	115507747	SNP	C	T	57.0594	153
chr12	115507783	SNP	T	C	23.6454	130
chr12	115507814	SNP	C	T	43.8097	100
chr12	115507837	SNP	T	C	56.0262	114
chr12	115647953	SNP	G	A	22.4032	14
chr12	115834047	SNP	C	A	101.374	224
chr12	115912461	SNP	G	A	109.338	212
chr12	115912466	SNP	T	A	108.377	233
chr12	115912469	SNP	C	T	110.382	214
chr12	115912471	SNP	C	A	109.38	214
chr12	115912484	SNP	A	T	107.196	227
chr12	115912546	SNP	C	G	95.3507	186
chr12	115912569	SNP	T	C	101.377	161
chr12	115920335	SNP	A	T	53.3803	69
chr12	115920402	SNP	A	C	85.3873	70
chr12	115920469	SNP	C	T	97.4359	59
chr12	115920728	SNP	G	C	41.3865	21
chr12	115980819	SNP	C	G	21.4076	12
chr13	3140072	SNP	T	C	97.4152	17
chr13	3299072	SNP	G	A	66.4226	36
chr13	3299278	SNP	G	A	145.359	198
chr13	3299530	SNP	A	T	42.0413	67
chr13	3299538	SNP	G	T	55.0016	71
chr13	3299684	SNP	G	A	38.7206	21
chr13	3299756	SNP	G	C	46.4189	20
chr13	9224500	SNP	G	A	43.4147	11
chr13	9834376	INDEL	C	CC	22.6813	218
chr13	15118461	SNP	T	C	80.2395	18
chr13	15118523	SNP	T	C	32.9425	13
chr13	15118545	SNP	A	G	43.4147	11
chr13	15118567	SNP	A	G	40.9883	18
chr13	15118814	SNP	T	C	65.341	18
chr13	15119076	SNP	T	C	29.272	15
chr13	15119079	SNP	T	C	31.2861	16
chr13	17804344	SNP	T	C	116.415	19
chr13	17804365	SNP	T	C	40.6717	17
chr13	20605445	SNP	A	C	20.379	14
chr13	21501206	SNP	C	T	97.4244	19
chr13	21501305	SNP	A	G	100.42	37
chr13	26493003	SNP	C	T	32.3684	50
chr13	28257632	SNP	T	C	33.4262	16
chr13	28257806	SNP	C	A	29.8637	117
chr13	28257972	SNP	C	A	95.22	217
chr13	35991174	SNP	T	C	95.4197	19
chr13	35991307	SNP	G	T	39.8019	21
chr13	44869614	SNP	A	G	112.42	216
chr13	44869724	SNP	A	G	64.3288	164
chr13	44869753	SNP	C	T	123.38	210
chr13	54190160	SNP	A	G	36.8677	19
chr13	54499929	SNP	T	C	43.2671	12
chr13	54499981	SNP	A	C	22.8496	19
chr13	54499991	SNP	G	T	69.4189	15
chr13	54500057	SNP	T	A	27.4074	23
chr13	55189070	SNP	C	T	67.9377	31
chr13	56128276	SNP	C	G	90.1135	19
chr13	58668664	SNP	T	C	102.415	16
chr13	58668675	SNP	T	C	89.419	21
chr13	61687384	SNP	C	A	20.3129	19
chr13	64290180	SNP	T	C	33.5013	93
chr13	64290310	SNP	T	C	84.3577	58
chr13	66874611	SNP	T	C	43.2696	11
chr13	67473168	SNP	T	C	36.0711	15
chr13	67810548	SNP	A	G	52.4146	14
chr13	67810635	SNP	G	A	84.4245	97
chr13	67810638	SNP	G	A	69.2765	105
chr13	67810832	SNP	A	G	32.6398	24
chr13	67810890	SNP	C	T	38.4189	12
chr13	67810932	SNP	G	C	44.4146	11
chr13	67810941	SNP	G	A	28.1732	15
chr13	74645918	SNP	A	G	41.9282	13
chr13	75645093	SNP	C	T	140.417	244
chr13	81065543	SNP	T	C	37.3056	19
chr13	91261788	SNP	G	A	115.42	75
chr13	91262546	SNP	C	T	36.8243	21
chr13	93762269	SNP	A	G	21.8303	20
chr13	97190623	SNP	A	G	131.42	44
chr13	101349086	SNP	T	A	30.994	12
chr13	104431125	SNP	G	A	127.389	109
chr13	104431287	SNP	T	C	53.4181	13
chr13	108670818	SNP	C	T	29.3497	162
chr13	108671136	SNP	C	T	35.4248	52
chr13	108671262	SNP	G	A	53.1291	152
chr13	112578160	SNP	T	C	51.148	21
chr13	112578175	SNP	T	C	51.8987	124
chr13	112578180	SNP	T	C	76.3475	252
chr13	116153912	SNP	C	T	138.403	62
chr13	117358170	SNP	T	A	34.7563	36
chr14	8799554	INDEL	CTTTTTTTTTT	CTTTTTTTT	26.1214	72
chr14	8800224	SNP	T	C	31.1522	20
chr14	9423041	SNP	C	T	53.4146	12
chr14	9423067	SNP	G	A	49.4671	20
chr14	9423092	SNP	G	T	22.4015	23
chr14	13778078	SNP	A	G	57.4237	16
chr14	19278148	SNP	A	G	163.416	251
chr14	19278194	SNP	T	C	159.405	184
chr14	19278196	SNP	T	G	158.412	184
chr14	19278210	SNP	A	C	171.34	43
chr14	19278216	SNP	T	C	125.253	34
chr14	19278245	SNP	T	C	59.4147	17
chr14	19278247	SNP	T	G	54.112	17
chr14	19278259	SNP	T	C	52.4146	12
chr14	19278260	SNP	G	C	55.4146	12
chr14	31700626	SNP	T	C	67.372	25
chr14	31700629	SNP	T	C	59.267	20
chr14	31700648	SNP	T	C	60.4034	23
chr14	31700661	SNP	T	C	43.307	22
chr14	31700662	SNP	T	C	32.2337	21
chr14	31700663	SNP	T	C	74.1847	21
chr14	31700665	SNP	T	C	64.3924	22
chr14	31701375	SNP	T	C	26.4111	16
chr14	31701385	SNP	T	C	41.1544	11
chr14	31701507	SNP	T	C	33.3953	17
chr14	32296625	SNP	A	G	84.8933	27
chr14	38459364	SNP	A	G	52.4146	14
chr14	40006526	SNP	A	G	70.4191	19
chr14	47319972	SNP	A	G	28.5691	11
chr14	47319973	SNP	A	G	28.6163	11
chr14	47319978	SNP	A	G	26.9864	32
chr14	47320777	SNP	A	G	94.6008	59
chr14	50466389	SNP	T	G	35.0045	13
chr14	50466394	SNP	A	G	57.4147	12
chr14	50978626	SNP	A	G	123.415	26
chr14	50978767	SNP	T	G	84.3411	15
chr14	52293454	SNP	A	G	98.3972	61
chr14	52293815	SNP	A	G	28.4101	95
chr14	52294229	SNP	A	G	99.385	95
chr14	54222103	SNP	T	C	53.2013	18
chr14	55420655	SNP	T	C	58.4147	22
chr14	55420656	SNP	G	A	52.4193	22
chr14	55420710	SNP	A	G	63.4182	36
chr14	63144541	SNP	A	G	29.3554	11
chr14	73385008	SNP	A	T	23.7647	17
chr14	75198072	SNP	C	A	59.9036	12
chr14	76087750	SNP	T	C	60.3945	35
chr14	88123141	SNP	G	A	69.0447	44
chr14	88123164	SNP	A	T	72.5623	54
chr14	88123275	SNP	G	A	118.354	113
chr14	88123593	SNP	G	A	81.2615	66
chr14	93194983	SNP	T	G	64.4147	13
chr14	98519443	SNP	C	A	42.0603	16
chr14	104715782	SNP	C	G	120.393	257
chr14	104715799	SNP	C	G	129.396	273
chr14	105199393	SNP	A	G	45.4146	12
chr14	105681954	SNP	T	C	25.9615	92
chr15	3217419	SNP	T	C	53.4146	12
chr15	5120827	SNP	T	C	126.416	20
chr15	5121067	SNP	A	G	77.2536	16
chr15	6654153	SNP	G	A	25.1622	13
chr15	6660682	SNP	G	A	27.1262	24
chr15	7975259	SNP	A	G	21.3669	152
chr15	11993788	SNP	C	A	75.0326	15
chr15	23489986	SNP	A	G	42.4186	18
chr15	23490000	SNP	A	G	91.4193	30
chr15	23490066	SNP	A	G	109.424	27
chr15	23490072	SNP	A	G	107.371	29
chr15	36608309	SNP	C	T	31.2504	20
chr15	36608312	SNP	A	C	30.9591	21
chr15	36608313	SNP	C	G	36.9689	21
chr15	38491612	SNP	T	C	47.9633	81
chr15	43272275	SNP	C	A	79.166	12
chr15	48889372	SNP	A	G	61.4147	11
chr15	52089317	SNP	T	C	56.3166	19
chr15	52753298	SNP	T	A	35.2332	14
chr15	52753299	SNP	A	G	28.3994	15
chr15	60126877	SNP	T	C	48.9757	11
chr15	60126884	SNP	T	C	57.4398	13
chr15	60126886	SNP	T	C	48.0955	13
chr15	60126889	SNP	T	C	24.393	15
chr15	60143604	SNP	T	C	21.143	21
chr15	60468291	SNP	T	C	53.1085	18
chr15	60468322	SNP	T	C	56.8447	41
chr15	71794798	SNP	T	C	80.3505	25
chr15	71794800	SNP	A	G	90.4151	24
chr15	72913524	SNP	A	G	50.0534	15
chr15	75895592	SNP	C	A	30.9729	13
chr15	76624590	SNP	A	T	20.3647	12
chr15	77791047	SNP	C	G	52.4188	13
chr15	78753570	SNP	T	C	36.3919	21
chr15	79441942	INDEL	C	CC	20.2699	17
chr15	79907547	SNP	A	G	102.399	199
chr15	81972382	SNP	A	G	64.4187	21
chr15	81972398	SNP	T	A	51.9284	40
chr15	81972651	SNP	C	T	59.4147	19
chr15	81972662	SNP	C	T	88.415	30
chr15	81972666	SNP	G	C	85.415	33
chr15	81972750	SNP	T	C	143.4	236
chr15	81972818	SNP	G	A	152.42	95
chr15	81972898	SNP	T	A	53.4146	37
chr15	82350977	SNP	A	C	24.7724	18
chr15	86067875	SNP	C	G	62.4147	19
chr15	86067877	SNP	A	G	62.4147	19
chr15	86194839	SNP	T	C	28.4242	20
chr15	86194875	SNP	G	C	54.6633	89
chr15	86195261	SNP	G	T	180.412	246
chr15	86195268	SNP	C	G	182.41	244
chr15	86195286	SNP	T	C	127.236	60
chr15	86195301	SNP	C	G	52.4146	55
chr15	89288501	INDEL	TGGGGGGG	TGGGGGG	57.9263	37
chr15	100650199	SNP	C	A	46.0944	14
chr15	102478613	SNP	C	G	85.415	13
chr15	102498892	SNP	T	C	40.2639	30
chr15	102635134	SNP	C	T	121.381	238
chr15	102635285	SNP	T	C	144.381	118
chr16	4320666	SNP	T	G	36.8284	24
chr16	4590365	SNP	A	G	84.415	27
chr16	4590390	SNP	G	T	120.42	54
chr16	4590406	SNP	T	C	157.203	78
chr16	4590434	SNP	A	G	165.416	53
chr16	4590438	SNP	T	C	138.416	42
chr16	4875295	SNP	T	C	42.8323	154
chr16	8738535	INDEL	GC	GCC	70.4148	12
chr16	8738536	INDEL	C	CC	78.4149	12
chr16	11162678	SNP	G	A	191.416	54
chr16	17137378	SNP	A	T	106.332	40
chr16	17137395	SNP	T	C	53.4146	11
chr16	17137490	SNP	A	C	26.8486	14
chr16	17222313	SNP	A	G	67.4148	46
chr16	17222325	SNP	A	G	66.4148	46
chr16	17222334	INDEL	TC	TCC	54.0136	51
chr16	17222385	SNP	A	C	127.407	245
chr16	17222456	SNP	A	G	59.419	21
chr16	18284576	SNP	T	C	100.444	36
chr16	19067038	SNP	T	G	80.4149	33
chr16	20822248	SNP	G	A	28.7571	38
chr16	23050384	SNP	A	G	80.4149	11
chr16	23050452	SNP	A	T	82.4195	13
chr16	23050455	SNP	G	A	92.4151	12
chr16	23050463	SNP	G	C	74.4189	11
chr16	23050623	SNP	G	T	69.4148	11
chr16	23050628	SNP	G	A	59.4147	14
chr16	23050635	SNP	C	T	91.4151	16
chr16	23050668	SNP	A	G	115.42	27
chr16	32299847	SNP	A	G	22.3072	16
chr16	32299852	SNP	A	G	43.3884	17
chr16	32299853	SNP	A	G	50.9834	17
chr16	32300268	SNP	A	G	75.0226	15
chr16	32300332	SNP	A	G	66.2671	22
chr16	32300353	SNP	A	G	23.1339	18
chr16	35573400	SNP	T	C	130.248	55
chr16	35573468	SNP	A	G	81.4191	21
chr16	35573469	SNP	A	C	79.0742	22
chr16	35573539	SNP	C	G	123.42	41
chr16	35573544	SNP	T	C	120.415	36
chr16	35573547	SNP	T	C	124.416	35
chr16	35981612	SNP	T	C	122.371	265
chr16	35981660	SNP	C	T	79.6366	34
chr16	35981687	SNP	T	C	56.3953	67
chr16	37883268	SNP	T	C	71.6897	41
chr16	37883282	SNP	A	G	54.0095	50
chr16	37883337	SNP	C	T	74.3787	58
chr16	37883413	SNP	A	G	46.3886	49
chr16	44241701	SNP	T	A	50.9965	11
chr16	45205412	SNP	G	A	52.9828	28
chr16	45205429	SNP	A	C	66.8213	57
chr16	45205502	SNP	G	A	101.255	48
chr16	45205508	SNP	A	G	41.7591	19
chr16	51362570	SNP	A	G	35.4193	12
chr16	51363645	SNP	A	G	48.4146	13
chr16	51363664	SNP	A	G	56.4147	48
chr16	51363678	SNP	A	C	28.8316	63
chr16	51363727	SNP	A	G	128.315	100
chr16	51363734	SNP	G	C	137.349	84
chr16	51363799	SNP	A	G	137.333	163
chr16	51363849	SNP	C	G	83.4194	118
chr16	51363854	SNP	C	T	78.2616	117
chr16	57391454	SNP	T	C	163.37	233
chr16	57391677	SNP	C	G	125.425	111
chr16	57391679	SNP	G	T	108.387	111
chr16	57391683	SNP	T	A	116.393	110
chr16	57391685	SNP	G	A	116.415	110
chr16	57391688	SNP	T	G	68.4148	99
chr16	85644341	SNP	C	T	51.4187	18
chr16	85644431	SNP	G	A	115.381	29
chr16	85644503	SNP	G	T	35.6261	39
chr16	85644512	SNP	C	T	37.0508	28
chr16	87434152	SNP	T	C	25.2609	23
chr16	88460113	SNP	C	G	32.2817	14
chr16	88460155	SNP	T	C	45.3366	15
chr16	90090310	SNP	C	T	55.4146	20
chr16	90090311	SNP	C	G	58.4147	20
chr16	91534641	SNP	T	C	99.4152	17
chr16	91534645	SNP	C	T	99.4152	17
chr16	91534655	SNP	A	C	86.415	18
chr16	91534663	SNP	A	G	92.4151	18
chr16	98010701	SNP	T	C	68.2748	30
chr16	98010801	SNP	A	G	82.4083	54
chr16	98010960	SNP	A	G	43.3123	34
chr16	98010982	SNP	T	A	69.2089	21
chr16	98011005	SNP	A	G	39.3914	13
chr16	98011154	SNP	G	A	22.2867	29
chr16	98011159	SNP	T	A	31.3568	30
chr16	98011735	SNP	A	T	20.0611	25
chr16	98011783	SNP	T	A	20.4433	12
chr17	3044614	SNP	C	T	126.416	21
chr17	3077766	SNP	T	C	30.186	17
chr17	3077770	SNP	T	A	26.2631	21
chr17	3077795	SNP	C	T	127.002	39
chr17	3079030	SNP	C	T	81.0335	25
chr17	3079065	SNP	A	T	27.03	16
chr17	3079587	SNP	A	G	109.979	61
chr17	3080907	SNP	T	C	29.9218	31
chr17	3379802	SNP	G	C	24.4299	14
chr17	3379803	SNP	T	C	30.4183	14
chr17	3379809	SNP	T	C	29.3057	14
chr17	3379811	SNP	A	C	27.4222	14
chr17	3379812	SNP	T	C	24.0268	14
chr17	14074298	SNP	C	T	101.415	21
chr17	14074305	SNP	G	T	105.42	24
chr17	14074307	SNP	C	T	109.415	24
chr17	14077135	SNP	G	A	66.0663	19
chr17	17039837	SNP	G	A	83.4191	12
chr17	17040233	SNP	T	A	138.416	24
chr17	17040284	SNP	C	T	27.017	12
chr17	17345176	SNP	T	G	60.4147	17
chr17	17345242	SNP	G	A	67.1892	21
chr17	17346016	SNP	G	C	107.378	33
chr17	22185321	SNP	A	T	91.4151	17
chr17	22185412	SNP	T	C	55.929	14
chr17	22876447	SNP	C	G	60.4147	17
chr17	22876454	SNP	A	G	56.4147	54
chr17	22876459	SNP	A	G	130.416	74
chr17	22876461	SNP	T	C	132.416	74
chr17	22876467	SNP	T	C	176.416	131
chr17	22876471	SNP	T	A	176.416	131
chr17	22876476	SNP	T	G	183.416	142
chr17	22876506	SNP	T	G	150.298	47
chr17	22876508	SNP	A	T	147.416	46
chr17	22876510	SNP	A	G	153.416	46
chr17	22876519	SNP	T	C	146.416	42
chr17	22876522	SNP	A	G	122.415	34
chr17	26098957	SNP	A	G	60.911	19
chr17	26269454	SNP	G	A	25.9498	14
chr17	26269461	SNP	C	T	50.4188	15
chr17	26269640	SNP	G	A	44.9598	23
chr17	26269733	SNP	T	C	130.311	39
chr17	26269785	SNP	A	G	110.262	30
chr17	26269837	SNP	T	C	80.4149	14
chr17	26270240	SNP	A	T	143.304	30
chr17	26270256	SNP	T	C	128.416	32
chr17	26270354	SNP	A	G	133.425	83
chr17	26270528	SNP	T	C	62.2503	31
chr17	26270776	SNP	A	G	28.4205	16
chr17	26270784	SNP	C	G	38.415	14
chr17	27663522	SNP	T	C	23.434	15
chr17	29495943	SNP	A	G	137.416	61
chr17	30395928	SNP	T	C	50.1804	30
chr17	31114509	SNP	C	T	37.995	30
chr17	32852544	SNP	T	C	67.419	13
chr17	32852789	SNP	C	T	36.2984	67
chr17	33669178	SNP	T	C	132.07	25
chr17	33670077	SNP	T	A	64.4147	11
chr17	33670079	SNP	A	C	57.4147	11
chr17	33687299	SNP	T	C	28.4039	15
chr17	33928554	SNP	A	G	87.4014	238
chr17	33928557	SNP	A	G	48.9307	237
chr17	34613195	SNP	A	T	21.416	25
chr17	34613199	SNP	C	T	42.9034	28
chr17	35124415	SNP	A	G	34.1576	34
chr17	35196242	SNP	T	G	26.4171	67
chr17	35440154	SNP	C	G	26.9212	198
chr17	35440472	SNP	C	A	52.3876	69
chr17	35479818	SNP	G	A	43.4147	35
chr17	35836160	SNP	C	G	46.1296	29
chr17	35857734	SNP	A	G	78.3412	39
chr17	35857740	SNP	A	G	28.5637	44
chr17	35935845	SNP	T	C	71.4148	11
chr17	36004465	SNP	T	C	43.8143	44
chr17	36004469	SNP	T	C	25.4935	49
chr17	36004475	SNP	T	C	69.2436	54
chr17	36004476	SNP	T	C	92.4044	54
chr17	36004511	SNP	T	C	38.8334	52
chr17	36004687	SNP	T	C	59.0619	62
chr17	36006441	SNP	T	C	76.2528	73
chr17	36231278	SNP	G	C	77.4149	18
chr17	36231321	SNP	G	A	117.415	17
chr17	36231323	SNP	G	C	119.415	17
chr17	36231338	SNP	A	G	85.415	11
chr17	36231339	SNP	T	C	79.4149	11
chr17	36231403	SNP	A	G	115.415	17
chr17	36231426	SNP	G	C	107.219	26
chr17	36231432	SNP	C	A	120.415	20
chr17	36231435	SNP	G	C	117.415	20
chr17	36231449	SNP	G	A	139.416	23
chr17	36231455	SNP	A	G	134.416	20
chr17	36231460	SNP	A	G	126.416	22
chr17	36231462	SNP	A	C	130.416	22
chr17	36231489	SNP	T	G	62.4147	14
chr17	36231522	SNP	T	C	87.415	28
chr17	36231529	SNP	A	G	84.415	36
chr17	36231535	SNP	A	C	142.416	52
chr17	36231538	SNP	C	G	144.416	54
chr17	36231580	SNP	A	G	161.416	49
chr17	36231584	SNP	A	G	177.416	42
chr17	36231592	SNP	A	C	113.415	28
chr17	39843083	SNP	T	C	182.421	195
chr17	39843085	SNP	C	T	84.3967	199
chr17	39843289	SNP	C	T	221.417	210
chr17	39843435	SNP	T	C	99.4032	242
chr17	39843582	INDEL	ACGCCTGTGCGCCTGTGCG	ACGCCTGTGCG	112.371	186
chr17	39843779	INDEL	C	CC	121.599	247
chr17	39843824	SNP	C	G	210.417	148
chr17	39843842	SNP	T	C	209.421	174
chr17	39843944	SNP	T	C	199.416	206
chr17	39843971	SNP	C	G	103.397	249
chr17	39843999	SNP	T	C	196.416	183
chr17	39844000	SNP	G	T	76.2905	184
chr17	39844028	SNP	A	G	223.417	242
chr17	39844034	SNP	A	C	227.41	237
chr17	39844132	INDEL	T	TT	88.2077	167
chr17	39844227	SNP	A	G	196.399	190
chr17	39844265	SNP	C	A	31.9111	244
chr17	39844355	SNP	G	C	175.421	131
chr17	39844434	SNP	G	A	170.421	181
chr17	39844458	SNP	T	C	167.416	129
chr17	39844592	SNP	T	C	58.0229	155
chr17	39844617	SNP	C	A	50.0177	190
chr17	39844684	SNP	C	G	186.421	144
chr17	39844879	SNP	T	C	176.384	134
chr17	39844919	SNP	T	C	177.416	55
chr17	39844963	INDEL	C	CC	59.7533	48
chr17	39845030	INDEL	A	AA	59.4769	40
chr17	39845049	SNP	T	C	142.416	78
chr17	39845219	SNP	A	C	188.416	111
chr17	39845224	SNP	T	G	189.421	114
chr17	39845250	SNP	T	G	201.416	108
chr17	39845580	SNP	C	T	166.425	176
chr17	39845681	INDEL	TGGGGGGGGGGG	TGGGGGGGGG	112.652	129
chr17	39845692	SNP	G	C	38.415	134
chr17	39845749	SNP	A	C	185.416	96
chr17	39846005	SNP	G	A	89.4009	178
chr17	39846096	SNP	A	G	191.38	119
chr17	39846128	SNP	A	G	172.416	126
chr17	39846189	SNP	A	G	184.421	174
chr17	39846199	SNP	T	C	192.416	173
chr17	39846291	INDEL	C	CCTC	51.4434	177
chr17	39846349	SNP	C	T	184.421	182
chr17	39846532	SNP	C	G	153.416	175
chr17	39846554	INDEL	CGGGGGGGGGGGGGG	CGGGGGGGG	101.581	159
chr17	39846685	INDEL	C	CC	54.7978	244
chr17	39847403	SNP	T	G	152.387	232
chr17	39847426	SNP	T	C	157.431	236
chr17	39847435	SNP	A	G	165.415	235
chr17	39847458	SNP	A	G	145.423	233
chr17	39848018	SNP	C	T	124.425	235
chr17	39848110	SNP	T	C	212.421	201
chr17	39848243	SNP	C	T	99.2948	212
chr17	39848455	SNP	G	T	216.416	248
chr17	39848652	SNP	T	C	181.192	224
chr17	42892956	SNP	G	C	35.1242	51
chr17	46774533	SNP	T	C	54.4518	11
chr17	46774930	SNP	T	C	41.0726	27
chr17	46774931	SNP	T	C	31.9888	27
chr17	46775237	SNP	T	C	74.2626	52
chr17	50420086	SNP	C	G	57.4147	27
chr17	50420096	SNP	A	G	65.4148	49
chr17	50420099	SNP	T	G	65.4148	53
chr17	50420101	SNP	A	G	65.4148	53
chr17	50420108	SNP	T	C	152.421	237
chr17	50420126	SNP	C	T	162.416	260
chr17	50420135	SNP	A	C	169.402	267
chr17	50420167	SNP	A	G	150.412	204
chr17	50420177	SNP	T	C	121.415	64
chr17	50420181	SNP	T	G	122.415	18
chr17	50420184	SNP	T	C	98.4192	16
chr17	54419724	SNP	T	C	87.4194	29
chr17	54419789	SNP	C	G	115.415	34
chr17	56176004	SNP	T	C	70.185	21
chr17	70876011	SNP	C	T	29.6707	30
chr17	70876098	SNP	G	C	59.3232	22
chr17	70876112	SNP	C	G	55.1774	22
chr17	70876175	SNP	T	C	37.019	55
chr17	70876199	SNP	C	G	72.997	84
chr17	70876251	SNP	A	G	58.7213	100
chr17	70963665	SNP	A	G	135.416	254
chr17	70963667	SNP	A	C	137.401	254
chr17	70963741	SNP	A	G	176.426	250
chr17	70963742	SNP	A	C	175.375	251
chr17	70963798	SNP	T	C	199.426	210
chr17	70963839	SNP	T	C	124.416	245
chr17	72939597	SNP	C	T	22.1525	60
chr17	72939600	SNP	C	T	20.1465	55
chr17	74438360	SNP	G	A	33.4163	19
chr17	78492300	SNP	C	T	90.4151	12
chr17	78851359	SNP	T	C	23.8565	196
chr17	78851443	SNP	A	G	31.3934	45
chr17	78851978	SNP	A	G	31.105	108
chr17	78852069	SNP	T	G	41.4731	133
chr17	78852088	SNP	T	C	35.867	131
chr17	79933599	SNP	C	A	127.26	44
chr17	79934010	SNP	G	A	59.4185	15
chr17	94876164	SNP	A	G	24.2946	13
chr18	8051389	SNP	G	A	35.0259	16
chr18	8051526	SNP	A	C	37.9236	22
chr18	8051550	SNP	C	G	54.4146	14
chr18	8051801	SNP	G	A	50.7936	15
chr18	8051890	SNP	G	C	70.9353	22
chr18	8051896	SNP	C	T	109.356	17
chr18	8051898	SNP	G	A	95.4189	16
chr18	8051971	SNP	A	T	54.2324	17
chr18	8051979	SNP	T	A	24.339	17
chr18	15833303	SNP	T	C	65.1086	19
chr18	15833347	SNP	C	T	57.419	18
chr18	20682775	SNP	A	C	35.6221	34
chr18	20682824	SNP	T	A	25.2572	113
chr18	20983952	SNP	A	G	36.3931	12
chr18	20983956	SNP	A	G	41.3946	15
chr18	23944075	SNP	G	A	46.6295	20
chr18	23964860	SNP	A	G	28.3444	16
chr18	30419713	SNP	T	C	47.078	12
chr18	35578415	SNP	G	T	59.2288	12
chr18	36609894	SNP	A	G	58.4147	14
chr18	36610023	SNP	A	G	60.4147	23
chr18	44424703	SNP	A	G	41.3989	20
chr18	47112244	SNP	C	T	80.4149	12
chr18	51865344	SNP	T	C	41.4148	12
chr18	51865413	SNP	G	T	101.415	24
chr18	54699138	SNP	T	C	41.1617	202
chr18	61588396	SNP	A	G	36.0931	28
chr18	63543960	SNP	T	C	46.3503	38
chr18	63544065	SNP	A	G	101.408	182
chr18	63544367	SNP	T	C	20.783	15
chr18	63544983	SNP	A	C	73.1576	91
chr18	63544987	SNP	A	C	45.7846	91
chr18	63545019	SNP	A	G	80.4241	27
chr18	63545027	SNP	A	G	86.4192	26
chr18	63545043	SNP	G	A	77.3083	30
chr18	63545073	SNP	A	G	82.1038	100
chr18	64080945	SNP	A	G	28.4243	13
chr18	64288597	SNP	A	G	53.3142	14
chr18	64288738	SNP	T	C	41.1873	28
chr18	64457132	SNP	C	T	142.416	23
chr18	65477077	SNP	A	G	106.267	100
chr18	67617972	SNP	T	C	27.4078	13
chr18	67617976	SNP	T	C	27.4119	11
chr18	70647434	SNP	T	C	35.0097	11
chr18	73533426	SNP	T	C	57.4147	58
chr18	73533431	SNP	A	G	57.4147	59
chr18	73533443	SNP	T	C	67.4148	67
chr18	73533452	SNP	A	G	89.4151	103
chr18	73533455	SNP	T	C	98.3812	111
chr18	73533464	SNP	A	G	118.392	146
chr18	73533484	SNP	G	A	192.416	190
chr18	73533499	SNP	G	C	214.417	178
chr18	73533500	SNP	A	G	211.417	178
chr18	73533508	INDEL	CT	CTGCGT	84.9269	178
chr18	73533520	SNP	G	C	225.417	140
chr18	75767107	SNP	A	G	49.4146	67
chr18	75767108	SNP	T	C	50.3709	67
chr18	75767115	SNP	A	G	40.2724	75
chr18	75767194	SNP	A	C	97.6763	111
chr18	75767251	SNP	T	C	66.2212	23
chr18	82523590	SNP	G	A	49.4146	11
chr18	82523623	SNP	T	C	67.862	66
chr18	85698092	SNP	T	C	28.4205	12
chr18	85698095	SNP	T	C	44.4146	12
chr18	85698120	INDEL	GCCC	GCCCCC	38.415	12
chr18	85698222	SNP	A	C	46.0986	11
chr18	85698276	SNP	T	C	170.421	246
chr18	85698283	SNP	T	C	172.421	246
chr18	90311009	SNP	T	C	48.4188	24
chr18	90311820	SNP	T	C	64.0708	12
chr18	90311848	SNP	T	C	90.4193	19
chr18	90311918	SNP	A	G	73.3327	16
chr18	90311954	SNP	T	C	68.4188	14
chr19	5493152	SNP	T	C	29.305	30
chr19	5493153	SNP	A	T	41.3359	31
chr19	5988980	INDEL	G	GGG	100.792	35
chr19	7535250	SNP	A	G	77.1024	41
chr19	7535532	SNP	A	G	23.9776	41
chr19	7959857	SNP	A	G	133.425	125
chr19	7959858	SNP	T	C	126.42	125
chr19	7960772	SNP	T	C	46.0011	14
chr19	8798334	SNP	C	G	20.4413	16
chr19	9216373	SNP	C	T	33.0943	16
chr19	9216404	SNP	A	G	74.342	61
chr19	9216490	SNP	A	G	27.6838	22
chr19	9283802	SNP	A	G	90.1757	18
chr19	9283964	SNP	G	A	96.4234	15
chr19	9284077	SNP	A	G	32.4241	13
chr19	9984780	SNP	G	C	33.3834	20
chr19	10588638	SNP	A	G	42.0552	32
chr19	17926666	SNP	T	A	68.1944	45
chr19	17926676	SNP	T	C	76.4149	59
chr19	17926688	SNP	T	C	95.4197	67
chr19	17926689	SNP	T	A	93.4197	67
chr19	17926739	SNP	G	C	76.3849	218
chr19	17926800	SNP	G	T	80.3179	185
chr19	17927277	SNP	T	C	86.2243	92
chr19	17927358	SNP	T	C	79.4195	43
chr19	17927371	SNP	A	C	24.3277	48
chr19	17927412	SNP	C	T	60.9069	26
chr19	17927442	SNP	A	G	52.0908	42
chr19	17927814	SNP	T	C	38.4187	11
chr19	22441395	SNP	C	T	39.419	20
chr19	22441653	SNP	T	C	105.245	34
chr19	22441810	SNP	A	G	92.4151	16
chr19	23619774	SNP	T	C	45.4189	75
chr19	23620052	SNP	A	G	35.3066	41
chr19	23620110	SNP	A	G	23.2111	21
chr19	23676135	SNP	A	G	77.419	13
chr19	28862280	SNP	A	G	21.8706	12
chr19	28862376	SNP	T	G	38.5406	42
chr19	28863590	SNP	T	C	79.4193	30
chr19	28863606	SNP	A	G	83.415	32
chr19	28863653	SNP	A	C	94.9089	27
chr19	28863664	SNP	A	T	89.7499	27
chr19	28863688	SNP	C	T	101.419	14
chr19	28863723	SNP	T	G	27.1861	18
chr19	29003556	SNP	G	T	27.5091	99
chr19	29003591	SNP	G	T	57.5586	59
chr19	34593600	SNP	A	G	112.385	176
chr19	44931227	INDEL	TCCCC	TCCC	56.2723	21
chr19	45450296	SNP	G	T	90.4009	42
chr19	46066284	SNP	A	G	50.3923	23
chr19	46595159	SNP	A	G	75.0715	24
chr19	46595169	SNP	A	G	31.1697	20
chr19	46595175	SNP	A	G	59.929	21
chr19	46595688	SNP	A	G	32.3808	17
chr19	47644133	SNP	A	G	37.2322	43
chr19	50030491	SNP	T	C	99.9319	112
chr19	50030549	SNP	C	T	139.246	36
chr19	50030560	SNP	T	C	117.308	35
chr19	53185904	SNP	G	A	166.406	43
chr19	53185905	SNP	C	G	158.421	42
chr19	53185907	SNP	A	G	157.42	42
chr19	59088259	SNP	T	C	32.4208	16
chr19	61198588	SNP	A	C	85.415	27
chr19	61198589	SNP	T	C	87.2627	27
chr19	61198598	SNP	G	C	82.415	33
chr19	61198599	SNP	T	C	82.415	33
chr19	61198602	SNP	T	C	70.4148	34
chr19	61198607	SNP	T	C	69.4148	34
chr19	61198608	SNP	T	C	76.4149	34
chrX	4136308	SNP	T	C	71.4148	261
chrX	4136327	SNP	T	C	83.4061	276
chrX	4136371	SNP	T	A	49.4146	17
chrX	4136372	SNP	A	C	49.4146	17
chrX	4899397	SNP	T	C	113.415	272
chrX	4899400	SNP	T	C	109.42	269
chrX	4899444	SNP	T	A	62.4147	17
chrX	4899445	SNP	A	C	63.4147	17
chrX	8038799	SNP	C	G	66.4148	21
chrX	8038806	SNP	G	A	70.4148	24
chrX	8038814	SNP	A	G	78.4099	61
chrX	8038907	SNP	A	T	150.328	132
chrX	8038960	INDEL	CCTC	CC	68.6097	128
chrX	8038962	SNP	T	C	21.4529	53
chrX	8047327	SNP	C	A	28.3762	30
chrX	11684032	SNP	C	T	64.0928	12
chrX	13203838	SNP	A	C	69.0959	26
chrX	15365657	SNP	C	T	24.9292	11
chrX	21146993	SNP	A	G	69.0386	43
chrX	21147051	SNP	T	C	76.419	16
chrX	21147087	SNP	C	T	113.415	16
chrX	21147103	SNP	A	G	76.4187	12
chrX	21147497	SNP	A	G	128.42	21
chrX	29564010	SNP	A	G	30.422	11
chrX	32504980	SNP	C	G	26.2736	17
chrX	33416487	SNP	A	G	83.4195	230
chrX	33416493	SNP	A	C	85.327	253
chrX	33416530	SNP	T	G	132.053	50
chrX	33416551	SNP	T	A	141.416	26
chrX	33416552	SNP	G	C	144.416	26
chrX	33845901	SNP	T	C	72.4194	19
chrX	33845910	SNP	A	G	27.2856	15
chrX	36213616	SNP	G	T	45.9055	36
chrX	36213646	SNP	A	C	61.9177	27
chrX	36213657	SNP	T	C	26.9951	13
chrX	36213859	SNP	C	T	68.4188	11
chrX	36213860	SNP	C	G	60.033	11
chrX	36668680	SNP	A	G	39.4149	74
chrX	36975061	SNP	A	C	84.415	12
chrX	46456298	SNP	T	G	36.4796	18
chrX	46456301	SNP	A	G	60.4187	16
chrX	46456302	SNP	C	T	72.4189	16
chrX	47900722	SNP	A	G	57.138	23
chrX	52772630	SNP	G	A	87.2975	140
chrX	52772698	SNP	A	C	36.2844	37
chrX	59620070	SNP	A	G	32.388	15
chrX	59620685	SNP	A	G	103.895	24
chrX	59620705	SNP	A	G	95.3774	20
chrX	60045447	SNP	T	C	48.9492	15
chrX	60045488	SNP	A	G	79.4149	21
chrX	60046170	SNP	G	A	98.4194	15
chrX	66778451	SNP	C	T	53.4146	24
chrX	66778676	SNP	C	T	135.425	94
chrX	73897967	SNP	A	C	33.1558	35
chrX	74494684	SNP	T	C	78.419	12
chrX	74494687	SNP	T	G	50.9303	11
chrX	74494757	SNP	G	A	55.4193	19
chrX	74494760	SNP	G	A	70.4148	19
chrX	79195253	SNP	T	C	25.3044	228
chrX	79195319	SNP	C	G	142.981	241
chrX	79195406	SNP	T	G	137.11	216
chrX	79195426	SNP	T	C	123.237	230
chrX	79195516	SNP	T	C	51.4146	43
chrX	80534107	SNP	A	G	48.4146	12
chrX	80534109	SNP	T	C	57.4147	12
chrX	80534822	SNP	A	G	82.4195	17
chrX	80535216	SNP	A	G	47.4146	12
chrX	81821610	SNP	A	G	141.42	71
chrX	81821732	SNP	T	C	93.4151	12
chrX	81821989	SNP	T	C	91.4237	14
chrX	81822172	SNP	T	C	100.176	24
chrX	81822237	SNP	T	C	122.415	15
chrX	81822335	SNP	C	T	164.416	28
chrX	81822535	SNP	T	C	93.9441	50
chrX	87238392	SNP	A	G	175.416	84
chrX	87238412	SNP	T	C	68.4148	11
chrX	96096246	SNP	G	C	21.3061	17
chrX	101824965	SNP	T	A	32.2022	53
chrX	104346093	SNP	G	A	96.4152	20
chrX	105426450	SNP	C	A	42.2007	68
chrX	108893516	SNP	T	C	45.2743	11
chrX	108893518	SNP	C	T	35.2753	11
chrX	108893519	SNP	A	G	45.2743	11
chrX	108893529	SNP	C	T	59.286	15
chrX	114981222	SNP	T	C	50.4187	19
chrX	141982181	SNP	T	C	78.4188	19
chrX	141982191	SNP	A	G	89.4194	20
chrX	145601907	SNP	G	A	94.4191	34
chrX	145601918	SNP	T	C	76.7924	41
chrX	145602160	SNP	G	C	33.9668	13
chrX	145602174	SNP	C	T	57.4237	42
chrX	150985424	SNP	T	C	72.2393	64
chrX	150985454	SNP	T	C	49.0426	58
chrX	150985455	SNP	T	C	104.848	58
chrX	150985462	SNP	T	C	59.1387	60
chrX	150985497	SNP	T	C	33.7699	39
chrX	150985522	SNP	T	C	79.323	54
chrX	150985523	SNP	T	C	115.942	52
chrX	150985529	SNP	T	C	98.3993	54
chrX	151414410	SNP	A	G	53.4146	14
chrX	151493118	SNP	G	A	58.3327	16
chrX	151493199	SNP	A	G	40.4237	36
chrX	152909998	SNP	A	C	49.2875	38
chrX	152910073	SNP	T	C	107.424	50
chrX	152910095	SNP	C	A	73.0587	49
chrX	159828373	SNP	G	A	43.9698	12
chrY	10709008	SNP	A	G	67.3447	17
chrY	37765343	SNP	C	T	149.421	121
chrY	37765353	SNP	A	C	106.738	120
chrY	70898403	SNP	G	T	52.4146	11
chrY	90816411	SNP	G	A	56.4016	121
chrM	13423	SNP	C	T	24.1628	249
GL456216.1	35549	SNP	C	G	140.416	25
GL456216.1	35756	SNP	A	G	157.416	26
GL456221.1	66312	SNP	G	A	28.0849	33
GL456221.1	66318	SNP	A	G	24.4233	37
GL456221.1	66364	SNP	A	C	71.3946	98
JH584295.1	563	SNP	A	G	22.4391	12
JH584295.1	756	SNP	G	A	76.0966	24
JH584295.1	757	SNP	G	C	86.1155	24
JH584304.1	34579	SNP	T	C	67.4148	12
JH584304.1	34580	SNP	G	A	34.9529	12
JH584304.1	38867	SNP	T	C	92.4151	11
JH584304.1	48409	SNP	T	C	148.25	27
JH584304.1	49770	SNP	T	G	109.415	14
JH584304.1	51450	SNP	A	G	55.4146	14
JH584304.1	52400	SNP	A	G	63.4147	16
JH584304.1	53270	SNP	T	C	111.94	82
JH584304.1	54252	SNP	G	A	215.348	224
JH584304.1	54339	SNP	T	G	86.3158	227
JH584304.1	55346	SNP	T	G	99.7965	144
JH584304.1	55356	SNP	G	A	96.7161	160
JH584304.1	55455	SNP	T	C	182.325	165
JH584304.1	55609	SNP	T	A	67.1957	201
JH584304.1	57032	SNP	A	C	166.371	117
JH584304.1	59849	SNP	G	C	129.993	35
JH584304.1	59912	INDEL	T	TT	45.3598	66
JH584304.1	60051	SNP	T	C	180.421	95
JH584304.1	60247	SNP	T	A	149.022	83
JH584304.1	60286	SNP	A	C	135.289	24
JH584304.1	60461	INDEL	CAAAAA	CAAAA	127.851	111
JH584304.1	60613	SNP	A	G	90.3752	176
JH584304.1	60652	SNP	A	G	108.404	158
JH584304.1	60765	SNP	T	C	80.2821	124
JH584304.1	61080	SNP	T	A	103.349	119
JH584304.1	61386	SNP	T	A	157.288	42
